"DOI";"Paper_ID";"Title";"Climate_AD";"From_ecosys";"To_ecosys";"Coupling";"Mattyp1";"Mattyp2";"Flow"
"1";"10.1007/s10021-008-9158-8";1;"Ecosystem Linkages Between Lakes and the Surrounding Terrestrial Landscape in Northeast Iceland";"Arctic";"Lake";"Grassland";"Fresh. to terr.";"Aqu. insects";"Invertebrates";124
"2";"10.1007/s10021-008-9158-8";1;"Ecosystem Linkages Between Lakes and the Surrounding Terrestrial Landscape in Northeast Iceland";"Arctic";"Lake";"Grassland";"Fresh. to terr.";"Aqu. insects";"Invertebrates";63.1408
"3";"10.1007/s10021-008-9158-8";1;"Ecosystem Linkages Between Lakes and the Surrounding Terrestrial Landscape in Northeast Iceland";"Arctic";"Lake";"Grassland";"Fresh. to terr.";"Aqu. insects";"Invertebrates";1.495936
"4";"10.1139/f03-019";2;"Influence of streamside vegetation on inputs of terrestrial invertebrates to salmonid food webs";"Temperate";"Forest";"Stream";"Terr. to fresh.";"Terr. inverteb.";"Invertebrates";1.226637
"5";"10.1139/f03-020";2;"Influence of streamside vegetation on inputs of terrestrial invertebrates to salmonid food webs";"Temperate";"Forest";"Stream";"Terr. to fresh.";"Terr. inverteb.";"Invertebrates";1.356957
"6";"10.1111/eff.12029";3;"Terrestrial prey inputs to streams bordered by deciduous broadleaved forests, conifer plantations and clear-cut sites in southwestern Japan: Effects on the abundance of red-spotted masu salmon";"Temperate";"Forest";"Stream";"Terr. to fresh.";"Terr. inverteb.";"Invertebrates";20.3856
"7";"10.1111/eff.12029";3;"Terrestrial prey inputs to streams bordered by deciduous broadleaved forests, conifer plantations and clear-cut sites in southwestern Japan: Effects on the abundance of red-spotted masu salmon";"Temperate";"Forest";"Stream";"Terr. to fresh.";"Terr. inverteb.";"Invertebrates";15.5248
"8";"10.1111/eff.12029";3;"Terrestrial prey inputs to streams bordered by deciduous broadleaved forests, conifer plantations and clear-cut sites in southwestern Japan: Effects on the abundance of red-spotted masu salmon";"Temperate";"Grassland";"Stream";"Terr. to fresh.";"Terr. inverteb.";"Invertebrates";6.1504
"9";"10.1111/eff.12029";3;"Terrestrial prey inputs to streams bordered by deciduous broadleaved forests, conifer plantations and clear-cut sites in southwestern Japan: Effects on the abundance of red-spotted masu salmon";"Temperate";"Grassland";"Stream";"Terr. to fresh.";"Terr. inverteb.";"Invertebrates";6.1504
"10";"10.1111/eff.12029";3;"Terrestrial prey inputs to streams bordered by deciduous broadleaved forests, conifer plantations and clear-cut sites in southwestern Japan: Effects on the abundance of red-spotted masu salmon";"Temperate";"Forest";"Stream";"Terr. to fresh.";"Terr. inverteb.";"Invertebrates";4.6128
"11";"10.1111/eff.12029";3;"Terrestrial prey inputs to streams bordered by deciduous broadleaved forests, conifer plantations and clear-cut sites in southwestern Japan: Effects on the abundance of red-spotted masu salmon";"Temperate";"Forest";"Stream";"Terr. to fresh.";"Terr. inverteb.";"Invertebrates";7.9856
"12";"10.1071/MF07191";4;"Arthropod rain into tropical streams: The importance of intact riparian forest and influences on fish diets";"Tropical";"Forest";"Stream";"Terr. to fresh.";"Terr. inverteb.";"Invertebrates";6.4976
"13";"10.1071/MF07191";4;"Arthropod rain into tropical streams: The importance of intact riparian forest and influences on fish diets";"Tropical";"Forest";"Stream";"Terr. to fresh.";"Terr. inverteb.";"Invertebrates";8.3824
"14";"10.1071/MF07191";4;"Arthropod rain into tropical streams: The importance of intact riparian forest and influences on fish diets";"Tropical";"Forest";"Stream";"Terr. to fresh.";"Terr. inverteb.";"Invertebrates";7.688
"15";"10.1071/MF07191";4;"Arthropod rain into tropical streams: The importance of intact riparian forest and influences on fish diets";"Tropical";"Forest";"Stream";"Terr. to fresh.";"Terr. inverteb.";"Invertebrates";10.2176
"16";"10.1890/04-138";5;"Fish invasion restructures stream and forest food webs by interrupting reciprocal prey subsidies";"Temperate";"Forest";"Stream";"Terr. to fresh.";"Terr. inverteb.";"Invertebrates";0.397476
"17";"10.1007/s00442-007-0743-x";6;"Invading rainbow trout usurp a terrestrial prey subsidy from native charr and reduce their growth and abundance";"Temperate";"Forest";"Stream";"Terr. to fresh.";"Terr. inverteb.";"Invertebrates";0.679293
"18";"10.1046/j.1365-2427.1996.00080.x";7;"The energetic importance of terrestrial arthropod inputs to three warm-water streams";"Temperate";"Forest";"Stream";"Terr. to fresh.";"Terr. inverteb.";"Invertebrates";2.41092
"19";"10.1046/j.1365-2427.1996.00080.x";7;"The energetic importance of terrestrial arthropod inputs to three warm-water streams";"Temperate";"Forest";"Stream";"Terr. to fresh.";"Terr. inverteb.";"Invertebrates";0.45612
"20";"10.1046/j.1365-2427.1996.00080.x";7;"The energetic importance of terrestrial arthropod inputs to three warm-water streams";"Temperate";"Forest";"Stream";"Terr. to fresh.";"Terr. inverteb.";"Invertebrates";1.59642
"21";"10.1899/0887-3593(2006)25[198:EODTOC]2.0.CO/2";8;"Effects of different types of conditioning on rates of leaf-litter shredding by Xiphocariselongata, a Neotropical freshwater shrimp";"Tropical";"Forest";"Stream";"Terr. to fresh.";"Terr. plants";"Primary producers";1534.534535
"22";"10.1080/00288330.1995.9516680";9;"Annual contribution of terrestrial invertebrates to a New Zealand trout stream";"Temperate";"Grassland";"Stream";"Terr. to fresh.";"Terr. inverteb.";"Invertebrates";0.24254
"23";"10.1080/00288330.1995.9516681";9;"Annual contribution of terrestrial invertebrates to a New Zealand trout stream";"Temperate";"Grassland";"Stream";"Terr. to fresh.";"Terr. inverteb.";"Invertebrates";0.100455
"24";"10.1007/s11284-006-0060-6";10;"Linking stream habitats and spider distribution: spatial variations in trophic transfer across a forest_stream boundary";"Temperate";"Stream";"Forest";"Fresh. to terr.";"Aqu. insects";"Invertebrates";0.292605634
"25";"10.1007/s11284-006-0060-6";10;"Linking stream habitats and spider distribution: spatial variations in trophic transfer across a forest_stream boundary";"Temperate";"Stream";"Forest";"Fresh. to terr.";"Aqu. insects";"Invertebrates";0.07002528
"26";"10.1034/j.1600-0587.2003.03355.x";11;"Stream meanders increase insectivorous bird abundance in riparian deciduous forests";"Temperate";"Stream";"Forest";"Fresh. to terr.";"Aqu. insects";"Invertebrates";0.05117232
"27";"0.1007/s10750-010-0404-7";12;"Shifts in allochthonous input and autochthonous production in streams along an agricultural land-use gradient";"Temperate";"Forest";"Stream";"Terr. to fresh.";"Terr. plants";"Primary producers";206.3
"28";"0.1007/s10750-010-0404-7";12;"Shifts in allochthonous input and autochthonous production in streams along an agricultural land-use gradient";"Temperate";"Grassland";"Stream";"Terr. to fresh.";"Terr. plants";"Primary producers";104.7
"29";"0.1007/s10750-010-0404-7";12;"Shifts in allochthonous input and autochthonous production in streams along an agricultural land-use gradient";"Temperate";"Grassland";"Stream";"Terr. to fresh.";"Terr. plants";"Primary producers";2.8
"30";"0.1007/s10750-010-0404-7";12;"Shifts in allochthonous input and autochthonous production in streams along an agricultural land-use gradient";"Temperate";"Forest";"Stream";"Terr. to fresh.";"Terr. plants";"Primary producers";197
"31";"0.1007/s10750-010-0404-7";12;"Shifts in allochthonous input and autochthonous production in streams along an agricultural land-use gradient";"Temperate";"Grassland";"Stream";"Terr. to fresh.";"Terr. plants";"Primary producers";184.4
"32";"0.1007/s10750-010-0404-7";12;"Shifts in allochthonous input and autochthonous production in streams along an agricultural land-use gradient";"Temperate";"Grassland";"Stream";"Terr. to fresh.";"Terr. plants";"Primary producers";185.7
"33";"0.1007/s10750-010-0404-7";12;"Shifts in allochthonous input and autochthonous production in streams along an agricultural land-use gradient";"Temperate";"Forest";"Stream";"Terr. to fresh.";"Terr. plants";"Primary producers";240.7
"34";"0.1007/s10750-010-0404-7";12;"Shifts in allochthonous input and autochthonous production in streams along an agricultural land-use gradient";"Temperate";"Grassland";"Stream";"Terr. to fresh.";"Terr. plants";"Primary producers";180.2
"35";"0.1007/s10750-010-0404-7";12;"Shifts in allochthonous input and autochthonous production in streams along an agricultural land-use gradient";"Temperate";"Grassland";"Stream";"Terr. to fresh.";"Terr. plants";"Primary producers";264.8
"36";"0.1007/s10750-010-0404-7";12;"Shifts in allochthonous input and autochthonous production in streams along an agricultural land-use gradient";"Temperate";"Grassland";"Stream";"Terr. to fresh.";"Terr. plants";"Primary producers";201.6
"37";"0.1007/s10750-010-0404-7";12;"Shifts in allochthonous input and autochthonous production in streams along an agricultural land-use gradient";"Temperate";"Grassland";"Stream";"Terr. to fresh.";"Terr. plants";"Primary producers";105.2
"38";"0.1007/s10750-010-0404-7";12;"Shifts in allochthonous input and autochthonous production in streams along an agricultural land-use gradient";"Temperate";"Grassland";"Stream";"Terr. to fresh.";"Terr. plants";"Primary producers";22.8
"39";"0.1007/s10750-010-0404-7";12;"Shifts in allochthonous input and autochthonous production in streams along an agricultural land-use gradient";"Temperate";"Forest";"Stream";"Terr. to fresh.";"Terr. plants";"Primary producers";153.6
"40";"0.1007/s10750-010-0404-7";12;"Shifts in allochthonous input and autochthonous production in streams along an agricultural land-use gradient";"Temperate";"Grassland";"Stream";"Terr. to fresh.";"Terr. plants";"Primary producers";80.1
"41";"0.1007/s10750-010-0404-7";12;"Shifts in allochthonous input and autochthonous production in streams along an agricultural land-use gradient";"Temperate";"Grassland";"Stream";"Terr. to fresh.";"Terr. plants";"Primary producers";172.1
"42";"0.1007/s10750-010-0404-7";12;"Shifts in allochthonous input and autochthonous production in streams along an agricultural land-use gradient";"Temperate";"Grassland";"Stream";"Terr. to fresh.";"Terr. plants";"Primary producers";155.1
"43";"0.1007/s10750-010-0404-7";12;"Shifts in allochthonous input and autochthonous production in streams along an agricultural land-use gradient";"Temperate";"Grassland";"Stream";"Terr. to fresh.";"Terr. plants";"Primary producers";1.4
"44";"0.1007/s10750-010-0404-7";12;"Shifts in allochthonous input and autochthonous production in streams along an agricultural land-use gradient";"Temperate";"Forest";"Stream";"Terr. to fresh.";"Terr. plants";"Primary producers";149.8
"45";"0.1007/s10750-010-0404-7";12;"Shifts in allochthonous input and autochthonous production in streams along an agricultural land-use gradient";"Temperate";"Forest";"Stream";"Terr. to fresh.";"Terr. plants";"Primary producers";143.3
"46";"0.1007/s10750-010-0404-7";12;"Shifts in allochthonous input and autochthonous production in streams along an agricultural land-use gradient";"Temperate";"Grassland";"Stream";"Terr. to fresh.";"Terr. plants";"Primary producers";152.1
"47";"0.1007/s10750-010-0404-7";12;"Shifts in allochthonous input and autochthonous production in streams along an agricultural land-use gradient";"Temperate";"Grassland";"Stream";"Terr. to fresh.";"Terr. plants";"Primary producers";17.1
"48";"0.1007/s10750-010-0404-7";12;"Shifts in allochthonous input and autochthonous production in streams along an agricultural land-use gradient";"Temperate";"Grassland";"Stream";"Terr. to fresh.";"Terr. plants";"Primary producers";91.8
"49";"0.1007/s10750-010-0404-7";12;"Shifts in allochthonous input and autochthonous production in streams along an agricultural land-use gradient";"Temperate";"Grassland";"Stream";"Terr. to fresh.";"Terr. plants";"Primary producers";158.2
"50";"0.1007/s10750-010-0404-7";12;"Shifts in allochthonous input and autochthonous production in streams along an agricultural land-use gradient";"Temperate";"Grassland";"Stream";"Terr. to fresh.";"Terr. plants";"Primary producers";145.6
"51";"";13;"Effects of resource limitation on a detrital-based ecosystem";"Temperate";"Forest";"Stream";"Terr. to fresh.";"Terr. plants";"Primary producers";441.9210526
"52";"";13;"Effects of resource limitation on a detrital-based ecosystem";"Temperate";"Forest";"Stream";"Terr. to fresh.";"Terr. plants";"Primary producers";340.6428571
"53";"10.1007/BF00258283";14;"Input and storage of benthic detritus in an Alaskan subarctic stream";"Boreal";"Forest";"Stream";"Terr. to fresh.";"Terr. plants";"Primary producers";31.25
"54";"";15;"Organic Matter Dynamics in 5 Subarctic Streams, Quebec, Canada";"Boreal";"Forest";"Stream";"Terr. to fresh.";"Terr. plants";"Primary producers";395.9
"55";"";15;"Organic Matter Dynamics in 5 Subarctic Streams, Quebec, Canada";"Boreal";"Forest";"Stream";"Terr. to fresh.";"Terr. plants";"Primary producers";151.3
"56";"";15;"Organic Matter Dynamics in 5 Subarctic Streams, Quebec, Canada";"Boreal";"Forest";"Stream";"Terr. to fresh.";"Terr. plants";"Primary producers";19.1
"57";"";15;"Organic Matter Dynamics in 5 Subarctic Streams, Quebec, Canada";"Boreal";"Forest";"Stream";"Terr. to fresh.";"Terr. plants";"Primary producers";9.9
"58";"";15;"Organic Matter Dynamics in 5 Subarctic Streams, Quebec, Canada";"Boreal";"Forest";"Stream";"Terr. to fresh.";"Terr. plants";"Primary producers";1.5
"59";"";16;"Hydrologic and Riparian Influences on the Import and Storage of Coarse Particulate Organic Matter in a Prairie Stream";"Temperate";"Grassland";"Stream";"Terr. to fresh.";"Terr. plants";"Primary producers";64.59277108
"60";"";16;"Hydrologic and Riparian Influences on the Import and Storage of Coarse Particulate Organic Matter in a Prairie Stream";"Temperate";"Forest";"Stream";"Terr. to fresh.";"Terr. plants";"Primary producers";54.8882199
"61";"";16;"Hydrologic and Riparian Influences on the Import and Storage of Coarse Particulate Organic Matter in a Prairie Stream";"Temperate";"Forest";"Stream";"Terr. to fresh.";"Terr. plants";"Primary producers";209.7190476
"62";"10.1016/j.materresbull.2012.08.034";17;"Production de litiere de la ripisylve de la Garonne et apport au fleuve";"Temperate";"Forest";"Stream";"Terr. to fresh.";"Terr. plants";"Primary producers";21
"63";"";18;"Carbon flow in a tundra stream ecosystem";"Arctic";"Grassland";"Stream";"Terr. to fresh.";"Terr. plants";"Primary producers";250
"64";"10.1111/j.1440-1703.2004.00678.x";19;"Prey use by web-building spiders: stable isotope analyses of trophic flow at a forest-stream ecotone";"Temperate";"Stream";"Forest";"Fresh. to terr.";"Aqu. insects";"Invertebrates";0.533391358
"65";"10.4319/lo.1976.21.2.0253";20;"Airborne litterfall as a source of organic matter in lakes";"Temperate";"Forest";"Lake";"Terr. to fresh.";"Terr. plants";"Primary producers";1.221374046
"66";"10.1674/0003-0031-168.1.112";21;"Effects of Hemlock Mortality on Streams in the Southern Appalachian Mountains";"Temperate";"Forest";"Stream";"Terr. to fresh.";"Terr. plants";"Primary producers";126
"67";"10.1674/0003-0031-168.1.112";21;"Effects of Hemlock Mortality on Streams in the Southern Appalachian Mountains";"Temperate";"Forest";"Stream";"Terr. to fresh.";"Terr. plants";"Primary producers";142
"68";"10.1674/0003-0031-168.1.112";21;"Effects of Hemlock Mortality on Streams in the Southern Appalachian Mountains";"Temperate";"Forest";"Stream";"Terr. to fresh.";"Terr. plants";"Primary producers";164
"69";"10.1674/0003-0031-168.1.112";21;"Effects of Hemlock Mortality on Streams in the Southern Appalachian Mountains";"Temperate";"Forest";"Stream";"Terr. to fresh.";"Terr. plants";"Primary producers";147.5
"70";"10.1674/0003-0031-168.1.112";21;"Effects of Hemlock Mortality on Streams in the Southern Appalachian Mountains";"Temperate";"Forest";"Stream";"Terr. to fresh.";"Terr. plants";"Primary producers";143.5
"71";"10.1674/0003-0031-168.1.112";21;"Effects of Hemlock Mortality on Streams in the Southern Appalachian Mountains";"Temperate";"Forest";"Stream";"Terr. to fresh.";"Terr. plants";"Primary producers";122
"72";"10.1674/0003-0031-168.1.112";21;"Effects of Hemlock Mortality on Streams in the Southern Appalachian Mountains";"Temperate";"Forest";"Stream";"Terr. to fresh.";"Terr. plants";"Primary producers";199
"73";"10.1674/0003-0031-168.1.112";21;"Effects of Hemlock Mortality on Streams in the Southern Appalachian Mountains";"Temperate";"Forest";"Stream";"Terr. to fresh.";"Terr. plants";"Primary producers";185.5
"74";"10.1674/0003-0031-168.1.112";21;"Effects of Hemlock Mortality on Streams in the Southern Appalachian Mountains";"Temperate";"Forest";"Stream";"Terr. to fresh.";"Terr. plants";"Primary producers";286
"75";"10.1674/0003-0031-168.1.112";21;"Effects of Hemlock Mortality on Streams in the Southern Appalachian Mountains";"Temperate";"Forest";"Stream";"Terr. to fresh.";"Terr. plants";"Primary producers";193
"76";"10.1674/0003-0031-168.1.112";21;"Effects of Hemlock Mortality on Streams in the Southern Appalachian Mountains";"Temperate";"Forest";"Stream";"Terr. to fresh.";"Terr. plants";"Primary producers";248.5
"77";"10.1674/0003-0031-168.1.112";21;"Effects of Hemlock Mortality on Streams in the Southern Appalachian Mountains";"Temperate";"Forest";"Stream";"Terr. to fresh.";"Terr. plants";"Primary producers";240
"78";"10.1674/0003-0031-168.1.112";21;"Effects of Hemlock Mortality on Streams in the Southern Appalachian Mountains";"Temperate";"Forest";"Stream";"Terr. to fresh.";"Terr. plants";"Primary producers";218
"79";"10.1674/0003-0031-168.1.112";21;"Effects of Hemlock Mortality on Streams in the Southern Appalachian Mountains";"Temperate";"Forest";"Stream";"Terr. to fresh.";"Terr. plants";"Primary producers";280
"80";"10.1674/0003-0031-168.1.112";21;"Effects of Hemlock Mortality on Streams in the Southern Appalachian Mountains";"Temperate";"Forest";"Stream";"Terr. to fresh.";"Terr. plants";"Primary producers";234
"81";"10.1674/0003-0031-168.1.112";21;"Effects of Hemlock Mortality on Streams in the Southern Appalachian Mountains";"Temperate";"Forest";"Stream";"Terr. to fresh.";"Terr. plants";"Primary producers";248.5
"83";"10.1890/0012-9658(2003)084[0701:TIIDTL]2.0.CO/2";22;"Terrestrial invertebrate inputs determine the local abundance of stream fishes in a forested stream";"Temperate";"Forest";"Stream";"Terr. to fresh.";"Terr. inverteb.";"Invertebrates";7.617357576
"84";"10.1890/14-0704.1";23;"Quantifying aquatic insect deposition from lake to land";"Arctic";"Lake";"Grassland";"Fresh. to terr.";"Aqu. insects";"Invertebrates";24.8
"85";"10.1890/14-0704.1";23;"Quantifying aquatic insect deposition from lake to land";"Arctic";"Lake";"Grassland";"Fresh. to terr.";"Aqu. insects";"Invertebrates";12.4
"86";"10.1890/14-0704.1";23;"Quantifying aquatic insect deposition from lake to land";"Arctic";"Lake";"Grassland";"Fresh. to terr.";"Aqu. insects";"Invertebrates";7.44
"87";"10.1890/14-0704.1";23;"Quantifying aquatic insect deposition from lake to land";"Arctic";"Lake";"Grassland";"Fresh. to terr.";"Aqu. insects";"Invertebrates";0.992
"88";"10.1111/j.1744-7429.2012.00896.x";24;"Importance of Terrestrial Arthropods as Subsidies in Lowland Neotropical Rain Forest Stream Ecosystems";"Tropical";"Forest";"Stream";"Terr. to fresh.";"Terr. inverteb.";"Invertebrates";5.413096
"89";"10.1111/j.1744-7429.2012.00896.x";24;"Importance of Terrestrial Arthropods as Subsidies in Lowland Neotropical Rain Forest Stream Ecosystems";"Tropical";"Forest";"Stream";"Terr. to fresh.";"Terr. inverteb.";"Invertebrates";4.091504
"90";"10.1111/j.1744-7429.2012.00896.x";24;"Importance of Terrestrial Arthropods as Subsidies in Lowland Neotropical Rain Forest Stream Ecosystems";"Tropical";"Forest";"Stream";"Terr. to fresh.";"Terr. inverteb.";"Invertebrates";3.53028
"91";"10.1111/j.1744-7429.2012.00896.x";24;"Importance of Terrestrial Arthropods as Subsidies in Lowland Neotropical Rain Forest Stream Ecosystems";"Tropical";"Forest";"Stream";"Terr. to fresh.";"Terr. inverteb.";"Invertebrates";6.408816
"92";"10.1111/j.1744-7429.2012.00896.x";24;"Importance of Terrestrial Arthropods as Subsidies in Lowland Neotropical Rain Forest Stream Ecosystems";"Tropical";"Forest";"Stream";"Terr. to fresh.";"Terr. inverteb.";"Invertebrates";2.118168
"93";"10.1111/j.1744-7429.2012.00896.x";24;"Importance of Terrestrial Arthropods as Subsidies in Lowland Neotropical Rain Forest Stream Ecosystems";"Tropical";"Forest";"Stream";"Terr. to fresh.";"Terr. inverteb.";"Invertebrates";0.887096
"94";"10.1111/j.1744-7429.2012.00896.x";24;"Importance of Terrestrial Arthropods as Subsidies in Lowland Neotropical Rain Forest Stream Ecosystems";"Tropical";"Forest";"Stream";"Terr. to fresh.";"Terr. inverteb.";"Invertebrates";2.17248
"95";"10.1111/j.1744-7429.2012.00896.x";24;"Importance of Terrestrial Arthropods as Subsidies in Lowland Neotropical Rain Forest Stream Ecosystems";"Tropical";"Forest";"Stream";"Terr. to fresh.";"Terr. inverteb.";"Invertebrates";7.33212
"96";"10.1111/j.1752-1688.2005.tb03777.x";25;"Organic Matter Dynamics in small streams of the Pacific Northwest";"Temperate";"Forest";"Stream";"Terr. to fresh.";"Terr. plants";"Primary producers";139.725
"97";"10.1899/12-074.1";26;"Riparian litter inputs to streams in the central Oregon Coast Range";"Temperate";"Forest";"Stream";"Terr. to fresh.";"Terr. plants";"Primary producers";177.3
"98";"10.1899/12-074.1";26;"Riparian litter inputs to streams in the central Oregon Coast Range";"Temperate";"Forest";"Stream";"Terr. to fresh.";"Terr. plants";"Primary producers";226.8
"99";"10.1890/11-1700.1";27;"An invasive riparian tree reduces stream ecosystem efficiency via a recalcitrant organic matter subsidy";"Arid";"Forest";"Stream";"Terr. to fresh.";"Terr. plants";"Primary producers";0.25
"100";"10.1890/11-1700.1";27;"An invasive riparian tree reduces stream ecosystem efficiency via a recalcitrant organic matter subsidy";"Arid";"Forest";"Stream";"Terr. to fresh.";"Terr. plants";"Primary producers";11
"101";"10.1890/11-1700.1";27;"An invasive riparian tree reduces stream ecosystem efficiency via a recalcitrant organic matter subsidy";"Arid";"Forest";"Stream";"Terr. to fresh.";"Terr. plants";"Primary producers";6
"102";"10.1890/11-1700.1";27;"An invasive riparian tree reduces stream ecosystem efficiency via a recalcitrant organic matter subsidy";"Arid";"Forest";"Stream";"Terr. to fresh.";"Terr. plants";"Primary producers";150.5
"103";"10.1002/rra.1431";28;"Regulation leads to increases in riparian vegetation, but not direct allochthonous inputs, along the Colorado River in Grand Canyon, Arizona";"Arid";"Forest";"Stream";"Terr. to fresh.";"Terr. plants";"Primary producers";2.585
"104";"10.1139/f84-181";29;"Particulate Allochthonous Inputs: Relationships with Stream Size in an Undisturbed Watershed";"Boreal";"Forest";"Stream";"Terr. to fresh.";"Terr. plants";"Primary producers";59.86764706
"105";"10.1139/f84-181";29;"Particulate Allochthonous Inputs: Relationships with Stream Size in an Undisturbed Watershed";"Boreal";"Forest";"Stream";"Terr. to fresh.";"Terr. plants";"Primary producers";144.5
"106";"10.1139/f84-181";29;"Particulate Allochthonous Inputs: Relationships with Stream Size in an Undisturbed Watershed";"Boreal";"Forest";"Stream";"Terr. to fresh.";"Terr. plants";"Primary producers";296.9166667
"107";"10.1139/f84-181";29;"Particulate Allochthonous Inputs: Relationships with Stream Size in an Undisturbed Watershed";"Boreal";"Forest";"Stream";"Terr. to fresh.";"Terr. plants";"Primary producers";8.560928433
"108";"10.1139/f84-181";29;"Particulate Allochthonous Inputs: Relationships with Stream Size in an Undisturbed Watershed";"Boreal";"Forest";"Stream";"Terr. to fresh.";"Terr. plants";"Primary producers";17.46917808
"109";"";30;"Litterfall, litter decomposition, and flux of particulate organic material in a coastal plain stream";"Temperate";"Forest";"Stream";"Terr. to fresh.";"Terr. plants";"Primary producers";193
"110";"10.1046/j.1365-2427.2001.00667.x";31;"Contribution of terrestrial invertebrates to the annual resource budget for salmonids in forest and grassland reaches of a headwater stream";"Temperate";"Forest";"Stream";"Terr. to fresh.";"Terr. inverteb.";"Invertebrates";4.3152
"111";"10.1046/j.1365-2427.2001.00667.x";31;"Contribution of terrestrial invertebrates to the annual resource budget for salmonids in forest and grassland reaches of a headwater stream";"Temperate";"Grassland";"Stream";"Terr. to fresh.";"Terr. inverteb.";"Invertebrates";2.5296
"112";"10.2307/1942301";32;"Energy Flow in Bear Brook, New Hampshire: An Integrative Approach to Stream Ecosystem Metabolism";"Temperate";"Forest";"Stream";"Terr. to fresh.";"Terr. plants";"Primary producers";240.39
"118";"10.1890/1051-0761(2001)011[1829:HIOIEP]2.0.CO/2";33;"HYDROLOGIC INFLUENCES ON INSECT EMERGENCE PRODUCTION FROM CENTRAL PLATTE RIVER WETLANDS";"Temperate";"Lake";"Grassland";"Fresh. to terr.";"Aqu. insects";"Invertebrates";0.025388256
"119";"10.1890/1051-0761(2001)011[1829:HIOIEP]2.0.CO/2";33;"HYDROLOGIC INFLUENCES ON INSECT EMERGENCE PRODUCTION FROM CENTRAL PLATTE RIVER WETLANDS";"Temperate";"Lake";"Grassland";"Fresh. to terr.";"Aqu. insects";"Invertebrates";0.059582992
"120";"10.1890/1051-0761(2001)011[1829:HIOIEP]2.0.CO/2";33;"HYDROLOGIC INFLUENCES ON INSECT EMERGENCE PRODUCTION FROM CENTRAL PLATTE RIVER WETLANDS";"Temperate";"Lake";"Grassland";"Fresh. to terr.";"Aqu. insects";"Invertebrates";0.3654156
"121";"10.1890/1051-0761(2001)011[1829:HIOIEP]2.0.CO/2";33;"HYDROLOGIC INFLUENCES ON INSECT EMERGENCE PRODUCTION FROM CENTRAL PLATTE RIVER WETLANDS";"Temperate";"Lake";"Grassland";"Fresh. to terr.";"Aqu. insects";"Invertebrates";2.440776816
"122";"10.1890/1051-0761(2001)011[1829:HIOIEP]2.0.CO/2";33;"HYDROLOGIC INFLUENCES ON INSECT EMERGENCE PRODUCTION FROM CENTRAL PLATTE RIVER WETLANDS";"Temperate";"Lake";"Grassland";"Fresh. to terr.";"Aqu. insects";"Invertebrates";0.013633924
"123";"10.1111/j.1365-2427.2008.02073.x";34;"Variation in the trophic basis of production and energy flow associated with emergence of larval salamander assemblages from forest ponds";"Temperate";"Lake";"Forest";"Fresh. to terr.";"Small amphib.";"Vertebrates";0.039919154
"124";"10.1111/j.1365-2427.2008.02073.x";34;"Variation in the trophic basis of production and energy flow associated with emergence of larval salamander assemblages from forest ponds";"Temperate";"Lake";"Forest";"Fresh. to terr.";"Small amphib.";"Vertebrates";0.091391747
"125";"10.1111/j.1365-2427.2008.02073.x";34;"Variation in the trophic basis of production and energy flow associated with emergence of larval salamander assemblages from forest ponds";"Temperate";"Lake";"Forest";"Fresh. to terr.";"Small amphib.";"Vertebrates";0.116237945
"126";"10.1111/j.1523-1739.2006.00443.x";35;"Remarkable Amphibian Biomass and Abundance in an Isolated Wetland: Implications for Wetland Conservation";"Temperate";"Lake";"Forest";"Fresh. to terr.";"Small amphib.";"Vertebrates";64.63414634
"127";"10.1007/s00442-013-2592-0";36;"Linking the evolution of habitat choice to ecosystem functioning: direct and indirect effects of pond-reproducing fire salamanders on aquatic-terrestrial subsidies.";"Temperate";"Lake";"Forest";"Fresh. to terr.";"Small amphib.";"Vertebrates";0.008659651
"128";"10.1007/s00442-013-2592-0";36;"Linking the evolution of habitat choice to ecosystem functioning: direct and indirect effects of pond-reproducing fire salamanders on aquatic-terrestrial subsidies.";"Temperate";"Lake";"Forest";"Fresh. to terr.";"Small amphib.";"Vertebrates";0.002983604
"129";"10.1007/s00442-013-2592-0";36;"Linking the evolution of habitat choice to ecosystem functioning: direct and indirect effects of pond-reproducing fire salamanders on aquatic-terrestrial subsidies.";"Temperate";"Lake";"Forest";"Fresh. to terr.";"Small amphib.";"Vertebrates";0.045893225
"130";"10.1007/s00442-013-2592-0";36;"Linking the evolution of habitat choice to ecosystem functioning: direct and indirect effects of pond-reproducing fire salamanders on aquatic-terrestrial subsidies.";"Temperate";"Lake";"Forest";"Fresh. to terr.";"Small amphib.";"Vertebrates";0.014718576
"131";"10.1007/s00442-013-2592-0";36;"Linking the evolution of habitat choice to ecosystem functioning: direct and indirect effects of pond-reproducing fire salamanders on aquatic-terrestrial subsidies.";"Temperate";"Forest";"Lake";"Terr. to fresh.";"Small amphib.";"Vertebrates";1.35278
"132";"10.1007/s00442-013-2592-0";36;"Linking the evolution of habitat choice to ecosystem functioning: direct and indirect effects of pond-reproducing fire salamanders on aquatic-terrestrial subsidies.";"Temperate";"Forest";"Lake";"Terr. to fresh.";"Small amphib.";"Vertebrates";0.65274
"133";"10.1007/s00442-013-2592-0";36;"Linking the evolution of habitat choice to ecosystem functioning: direct and indirect effects of pond-reproducing fire salamanders on aquatic-terrestrial subsidies.";"Temperate";"Forest";"Lake";"Terr. to fresh.";"Small amphib.";"Vertebrates";0.24123
"134";"10.1007/s00442-013-2592-0";36;"Linking the evolution of habitat choice to ecosystem functioning: direct and indirect effects of pond-reproducing fire salamanders on aquatic-terrestrial subsidies.";"Temperate";"Forest";"Lake";"Terr. to fresh.";"Small amphib.";"Vertebrates";0.54868
"135";"10.1007/s00442-013-2592-0";36;"Linking the evolution of habitat choice to ecosystem functioning: direct and indirect effects of pond-reproducing fire salamanders on aquatic-terrestrial subsidies.";"Temperate";"Forest";"Lake";"Terr. to fresh.";"Small amphib.";"Vertebrates";0.39259
"136";"10.1007/s00442-013-2592-0";36;"Linking the evolution of habitat choice to ecosystem functioning: direct and indirect effects of pond-reproducing fire salamanders on aquatic-terrestrial subsidies.";"Temperate";"Forest";"Lake";"Terr. to fresh.";"Small amphib.";"Vertebrates";0.03311
"137";"10.1643/0045-8511(2006)6[640:DROSAM]2.0.CO/";37;"Decomposition Rates of Salamander (Ambystoma Maculatum) Life Stages and Associated Energy and Nutrient Fluxes in Ponds and Adjacent Forest in Southern Illinois";"Temperate";"Forest";"Lake";"Terr. to fresh.";"Small amphib.";"Vertebrates";1.38
"138";"10.1643/0045-8511(2006)6[640:DROSAM]2.0.CO/";37;"Decomposition Rates of Salamander (Ambystoma Maculatum) Life Stages and Associated Energy and Nutrient Fluxes in Ponds and Adjacent Forest in Southern Illinois";"Temperate";"Forest";"Lake";"Terr. to fresh.";"Small amphib.";"Vertebrates";4.14
"139";"10.1643/0045-8511(2006)6[640:DROSAM]2.0.CO/";37;"Decomposition Rates of Salamander (Ambystoma Maculatum) Life Stages and Associated Energy and Nutrient Fluxes in Ponds and Adjacent Forest in Southern Illinois";"Temperate";"Forest";"Lake";"Terr. to fresh.";"Small amphib.";"Vertebrates";3.35
"140";"10.1643/0045-8511(2006)6[640:DROSAM]2.0.CO/";37;"Decomposition Rates of Salamander (Ambystoma Maculatum) Life Stages and Associated Energy and Nutrient Fluxes in Ponds and Adjacent Forest in Southern Illinois";"Temperate";"Forest";"Lake";"Terr. to fresh.";"Small amphib.";"Vertebrates";6.95
"141";"10.1643/0045-8511(2006)6[640:DROSAM]2.0.CO/";37;"Decomposition Rates of Salamander (Ambystoma Maculatum) Life Stages and Associated Energy and Nutrient Fluxes in Ponds and Adjacent Forest in Southern Illinois";"Temperate";"Forest";"Lake";"Terr. to fresh.";"Small amphib.";"Vertebrates";7.41
"142";"10.2307/1468050";38;"Emergence of Aquatic Insects from 2 Habitats in a Small Wetland of the Southeastern USA: Temporal Patterns of Numbers and Biomass";"Temperate";"Lake";"Forest";"Fresh. to terr.";"Aqu. insects";"Invertebrates";1.687095769
"143";"10.2307/1468050";38;"Emergence of Aquatic Insects from 2 Habitats in a Small Wetland of the Southeastern USA: Temporal Patterns of Numbers and Biomass";"Temperate";"Lake";"Grassland";"Fresh. to terr.";"Aqu. insects";"Invertebrates";1.687095769
"144";"10.2307/3672158";39;"Emergence production and export of aquatic insects from a tallgrass prairie stream";"Temperate";"Stream";"Forest";"Fresh. to terr.";"Aqu. insects";"Invertebrates";0.132688928
"145";"10.2307/3672158";39;"Emergence production and export of aquatic insects from a tallgrass prairie stream";"Temperate";"Stream";"Grassland";"Fresh. to terr.";"Aqu. insects";"Invertebrates";0.13286848
"146";"10.2307/3672158";39;"Emergence production and export of aquatic insects from a tallgrass prairie stream";"Temperate";"Forest";"Stream";"Terr. to fresh.";"Terr. inverteb.";"Invertebrates";0.2334176
"147";"10.2307/3672158";39;"Emergence production and export of aquatic insects from a tallgrass prairie stream";"Temperate";"Forest";"Stream";"Terr. to fresh.";"Terr. plants";"Primary producers";237.75
"148";"10.2307/3672158";39;"Emergence production and export of aquatic insects from a tallgrass prairie stream";"Temperate";"Grassland";"Stream";"Terr. to fresh.";"Terr. plants";"Primary producers";59.45
"149";"10.2307/1468385";40;"Life history and production of a semi-terrestrial limnephilid caddisfly in an intermittent Platte River wetland";"Temperate";"Lake";"Grassland";"Fresh. to terr.";"Aqu. insects";"Invertebrates";0.2225
"150";"10.2307/1939199";41;"Longitudinal patterns of ecosystem processes and community structure in a subartic river continuum";"Boreal";"Stream";"Forest";"Fresh. to terr.";"Aqu. insects";"Invertebrates";0.0045
"151";"10.2307/1939199";41;"Longitudinal patterns of ecosystem processes and community structure in a subartic river continuum";"Boreal";"Stream";"Forest";"Fresh. to terr.";"Aqu. insects";"Invertebrates";0.03
"152";"10.2307/1939199";41;"Longitudinal patterns of ecosystem processes and community structure in a subartic river continuum";"Boreal";"Stream";"Forest";"Fresh. to terr.";"Aqu. insects";"Invertebrates";0.438
"153";"10.2307/1939199";41;"Longitudinal patterns of ecosystem processes and community structure in a subartic river continuum";"Boreal";"Stream";"Forest";"Fresh. to terr.";"Aqu. insects";"Invertebrates";2.068
"154";"10.2307/1939199";41;"Longitudinal patterns of ecosystem processes and community structure in a subartic river continuum";"Boreal";"Stream";"Forest";"Fresh. to terr.";"Aqu. insects";"Invertebrates";8.348
"155";"10.1046/j.1365-2427.2000.00558.x";42;"Benthic secondary production and biomass of insects emerging from a northern German temperate stream";"Temperate";"Stream";"Grassland";"Fresh. to terr.";"Aqu. insects";"Invertebrates";0.24598128
"156";"10.1034/j.1600-0706.2003.12477.x";43;"Dynamics of aquatic insect flux affects distribution of riparian web-building spiders";"Temperate";"Stream";"Forest";"Fresh. to terr.";"Aqu. insects";"Invertebrates";0.8483832
"157";"10.1016/j.limno.2014.10.001";44;"Aquatic prey subsidies to riparian spiders in a stream with different land use types";"Temperate";"Stream";"Grassland";"Fresh. to terr.";"Aqu. insects";"Invertebrates";0.006665868
"158";"10.1016/j.limno.2014.10.001";44;"Aquatic prey subsidies to riparian spiders in a stream with different land use types";"Temperate";"Stream";"Forest";"Fresh. to terr.";"Aqu. insects";"Invertebrates";0.002235422
"159";"10.1016/j.limno.2014.10.001";44;"Aquatic prey subsidies to riparian spiders in a stream with different land use types";"Temperate";"Stream";"Grassland";"Fresh. to terr.";"Aqu. insects";"Invertebrates";0.002715724
"160";"10.1111/fwb.12476";45;"Land-use effects on terrestrial consumers through changed size structure of aquatic insects";"Boreal";"Stream";"Grassland";"Fresh. to terr.";"Aqu. insects";"Invertebrates";2.84456
"161";"10.1111/fwb.12477";45;"Land-use effects on terrestrial consumers through changed size structure of aquatic insects";"Boreal";"Stream";"Grassland";"Fresh. to terr.";"Aqu. insects";"Invertebrates";8.68744
"162";"10.1111/fwb.12476";45;"Land-use effects on terrestrial consumers through changed size structure of aquatic insects";"Boreal";"Stream";"Grassland";"Fresh. to terr.";"Aqu. insects";"Invertebrates";1.46072
"163";"10.1111/fwb.12477";45;"Land-use effects on terrestrial consumers through changed size structure of aquatic insects";"Boreal";"Stream";"Grassland";"Fresh. to terr.";"Aqu. insects";"Invertebrates";9.61
"164";"10.1111/fwb.12476";45;"Land-use effects on terrestrial consumers through changed size structure of aquatic insects";"Boreal";"Stream";"Grassland";"Fresh. to terr.";"Aqu. insects";"Invertebrates";4.38216
"165";"10.1111/fwb.12477";45;"Land-use effects on terrestrial consumers through changed size structure of aquatic insects";"Boreal";"Stream";"Forest";"Fresh. to terr.";"Aqu. insects";"Invertebrates";7.99552
"166";"10.1111/fwb.12476";45;"Land-use effects on terrestrial consumers through changed size structure of aquatic insects";"Boreal";"Stream";"Forest";"Fresh. to terr.";"Aqu. insects";"Invertebrates";3.0752
"167";"10.1111/fwb.12477";45;"Land-use effects on terrestrial consumers through changed size structure of aquatic insects";"Boreal";"Stream";"Forest";"Fresh. to terr.";"Aqu. insects";"Invertebrates";2.46016
"168";"10.1111/fwb.12476";45;"Land-use effects on terrestrial consumers through changed size structure of aquatic insects";"Boreal";"Stream";"Forest";"Fresh. to terr.";"Aqu. insects";"Invertebrates";4.15152
"169";"10.1111/fwb.12477";45;"Land-use effects on terrestrial consumers through changed size structure of aquatic insects";"Boreal";"Stream";"Forest";"Fresh. to terr.";"Aqu. insects";"Invertebrates";2.6908
"170";"10.1111/fwb.12476";45;"Land-use effects on terrestrial consumers through changed size structure of aquatic insects";"Boreal";"Grassland";"Stream";"Terr. to fresh.";"Terr. plants";"Primary producers";100.0630631
"171";"10.1111/fwb.12477";45;"Land-use effects on terrestrial consumers through changed size structure of aquatic insects";"Boreal";"Grassland";"Stream";"Terr. to fresh.";"Terr. plants";"Primary producers";56.56756757
"172";"10.1111/fwb.12476";45;"Land-use effects on terrestrial consumers through changed size structure of aquatic insects";"Boreal";"Grassland";"Stream";"Terr. to fresh.";"Terr. plants";"Primary producers";65.66966967
"173";"10.1111/fwb.12476";45;"Land-use effects on terrestrial consumers through changed size structure of aquatic insects";"Boreal";"Grassland";"Stream";"Terr. to fresh.";"Terr. plants";"Primary producers";74.76576577
"174";"10.1111/fwb.12477";45;"Land-use effects on terrestrial consumers through changed size structure of aquatic insects";"Boreal";"Grassland";"Stream";"Terr. to fresh.";"Terr. plants";"Primary producers";57.95795796
"175";"10.1111/fwb.12476";45;"Land-use effects on terrestrial consumers through changed size structure of aquatic insects";"Boreal";"Forest";"Stream";"Terr. to fresh.";"Terr. plants";"Primary producers";52.94894895
"176";"10.1111/fwb.12477";45;"Land-use effects on terrestrial consumers through changed size structure of aquatic insects";"Boreal";"Forest";"Stream";"Terr. to fresh.";"Terr. plants";"Primary producers";55.36636637
"177";"10.1111/fwb.12476";45;"Land-use effects on terrestrial consumers through changed size structure of aquatic insects";"Boreal";"Forest";"Stream";"Terr. to fresh.";"Terr. plants";"Primary producers";23.91291291
"178";"10.1111/fwb.12476";45;"Land-use effects on terrestrial consumers through changed size structure of aquatic insects";"Boreal";"Forest";"Stream";"Terr. to fresh.";"Terr. plants";"Primary producers";60.96096096
"179";"10.1111/fwb.12477";45;"Land-use effects on terrestrial consumers through changed size structure of aquatic insects";"Boreal";"Forest";"Stream";"Terr. to fresh.";"Terr. plants";"Primary producers";49.78678679
"184";"10.2307/1468225";46;"Organic matter dynamics in the Kuparuk River, a tundra river in Alaska, USA";"Arctic";"Grassland";"Stream";"Terr. to fresh.";"Terr. plants";"Primary producers";250
"185";"10.2307/1468226";47;"Organic matter dynamics in 3 subarctic streams of interior Alaska, USA";"Boreal";"Forest";"Stream";"Terr. to fresh.";"Terr. plants";"Primary producers";40.5
"186";"10.2307/1468226";47;"Organic matter dynamics in 3 subarctic streams of interior Alaska, USA";"Boreal";"Forest";"Stream";"Terr. to fresh.";"Terr. plants";"Primary producers";18.5
"187";"10.2307/1468226";47;"Organic matter dynamics in 3 subarctic streams of interior Alaska, USA";"Boreal";"Forest";"Stream";"Terr. to fresh.";"Terr. plants";"Primary producers";18.5
"189";"10.2307/1468235";48;"Organic Matter Dynamics in the West Fork of Walker Branch, Tennessee, USA";"Temperate";"Forest";"Stream";"Terr. to fresh.";"Terr. plants";"Primary producers";282.5
"190";"10.1111/j.1365-2427.1982.tb00624.x";49;"The input of terrestrial invertebrates from tree canopies to a stream";"Temperate";"Grassland";"Stream";"Terr. to fresh.";"Terr. inverteb.";"Invertebrates";4.464
"191";"10.1111/j.1365-2427.1982.tb00624.x";49;"The input of terrestrial invertebrates from tree canopies to a stream";"Temperate";"Forest";"Stream";"Terr. to fresh.";"Terr. inverteb.";"Invertebrates";5.0175
"192";"10.1111/j.1365-2427.1982.tb00624.x";49;"The input of terrestrial invertebrates from tree canopies to a stream";"Temperate";"Forest";"Stream";"Terr. to fresh.";"Terr. inverteb.";"Invertebrates";9.1755
"193";"10.1111/j.1365-2427.1982.tb00624.x";49;"The input of terrestrial invertebrates from tree canopies to a stream";"Temperate";"Forest";"Stream";"Terr. to fresh.";"Terr. inverteb.";"Invertebrates";12.492
"194";"10.1111/j.1365-2427.1982.tb00624.x";49;"The input of terrestrial invertebrates from tree canopies to a stream";"Temperate";"Forest";"Stream";"Terr. to fresh.";"Terr. inverteb.";"Invertebrates";16.11
"212";"10.4319/lo.2010.55.2.0817";50;"Drivers of metabolism and net heterotrophy in contrasting lakes";"Temperate";"Forest";"Lake";"Terr. to fresh.";"Terr. plants";"Primary producers";4.8
"213";"10.4319/lo.2010.55.2.0817";50;"Drivers of metabolism and net heterotrophy in contrasting lakes";"Temperate";"Forest";"Lake";"Terr. to fresh.";"Terr. plants";"Primary producers";1.2
"220";"10.4319/lo.2002.47.3.0742";51;"Relative importance of carbon sources for macroinvertebrates in a Rocky Mountain stream";"Arctic";"Grassland";"Stream";"Terr. to fresh.";"Terr. plants";"Primary producers";15.91591592
"221";"10.4319/lo.2002.47.3.0742";51;"Relative importance of carbon sources for macroinvertebrates in a Rocky Mountain stream";"Temperate";"Forest";"Stream";"Terr. to fresh.";"Terr. plants";"Primary producers";155.25
"222";"10.4319/lo.2002.47.3.0742";51;"Relative importance of carbon sources for macroinvertebrates in a Rocky Mountain stream";"Temperate";"Forest";"Stream";"Terr. to fresh.";"Terr. plants";"Primary producers";66.6
"223";"10.4319/lo.2002.47.3.0742";51;"Relative importance of carbon sources for macroinvertebrates in a Rocky Mountain stream";"Temperate";"Forest";"Stream";"Terr. to fresh.";"Terr. plants";"Primary producers";47.25
"224";"10.1046/j.1365-2427.2001.00847.x";52;"Particulate organic matter inputs to a glacial stream ecosystem in the Swiss Alps";"Arctic";"Grassland";"Stream";"Terr. to fresh.";"Terr. plants";"Primary producers";0.55
"225";"10.1046/j.1365-2427.2001.00847.x";52;"Particulate organic matter inputs to a glacial stream ecosystem in the Swiss Alps";"Boreal";"Forest";"Stream";"Terr. to fresh.";"Terr. plants";"Primary producers";5
"226";"10.1046/j.1365-2427.2001.00847.x";52;"Particulate organic matter inputs to a glacial stream ecosystem in the Swiss Alps";"Boreal";"Forest";"Stream";"Terr. to fresh.";"Terr. plants";"Primary producers";17
"227";"10.1111/j.1442-9993.1993.tb00465.x";53;"Litter inputs to a tropical Australian rainforest stream";"Tropical";"Forest";"Stream";"Terr. to fresh.";"Terr. plants";"Primary producers";217.8
"228";"10.1007/s10750-008-9294-3";54;"Allochthonous litter inputs, organic matter standing stocks, and organic seston dynamics in upland Panamanian streams: potential effects of larval amphibians on organic matter dynamics";"Tropical";"Forest";"Stream";"Terr. to fresh.";"Terr. plants";"Primary producers";595.89
"229";"10.1007/s10750-008-9294-3";54;"Allochthonous litter inputs, organic matter standing stocks, and organic seston dynamics in upland Panamanian streams: potential effects of larval amphibians on organic matter dynamics";"Tropical";"Forest";"Stream";"Terr. to fresh.";"Terr. plants";"Primary producers";483.03
"233";"10.2307/2937276";55;"Organic Carbon Flow in a Swamp-Stream Ecosystem";"Temperate";"Forest";"Stream";"Terr. to fresh.";"Terr. plants";"Primary producers";287.3
"234";"10.2307/2937276";55;"Organic Carbon Flow in a Swamp-Stream Ecosystem";"Temperate";"Grassland";"Stream";"Terr. to fresh.";"Terr. plants";"Primary producers";16
"235";"10.1007/s11284-011-0920-6";56;"Reciprocal fluxes of stream and riparian invertebrates in a coastal California basin with Mediterranean climate";"Arid";"Stream";"Forest";"Fresh. to terr.";"Aqu. insects";"Invertebrates";0.96844
"236";"10.1007/s11284-011-0920-6";56;"Reciprocal fluxes of stream and riparian invertebrates in a coastal California basin with Mediterranean climate";"Arid";"Stream";"Forest";"Fresh. to terr.";"Aqu. insects";"Invertebrates";0.66216
"237";"10.1007/s11284-011-0920-6";56;"Reciprocal fluxes of stream and riparian invertebrates in a coastal California basin with Mediterranean climate";"Arid";"Forest";"Stream";"Terr. to fresh.";"Terr. inverteb.";"Invertebrates";3.93824
"238";"10.1007/s11284-011-0920-6";56;"Reciprocal fluxes of stream and riparian invertebrates in a coastal California basin with Mediterranean climate";"Arid";"Forest";"Stream";"Terr. to fresh.";"Terr. inverteb.";"Invertebrates";4.2408
"239";"10.1899/07-134.1";57;"Modeling C and N flows through a stream food web: an inverse approach";"Tropical";"Forest";"Stream";"Terr. to fresh.";"Terr. plants";"Primary producers";2085.756
"240";"doi:10.1016/B978-012088449-0.50005-4";58;"Organic Matter Processing in Tropical Streams";"Tropical";"Forest";"Stream";"Terr. to fresh.";"Terr. plants";"Primary producers";315
"241";"doi:10.1016/B978-012088449-0.50005-4";58;"Organic Matter Processing in Tropical Streams";"Tropical";"Forest";"Stream";"Terr. to fresh.";"Terr. plants";"Primary producers";193.5
"242";"doi:10.1016/B978-012088449-0.50005-4";58;"Organic Matter Processing in Tropical Streams";"Tropical";"Forest";"Stream";"Terr. to fresh.";"Terr. plants";"Primary producers";360
"243";"doi:10.1016/B978-012088449-0.50005-4";58;"Organic Matter Processing in Tropical Streams";"Tropical";"Forest";"Stream";"Terr. to fresh.";"Terr. plants";"Primary producers";333
"244";"doi:10.1016/B978-012088449-0.50005-4";58;"Organic Matter Processing in Tropical Streams";"Tropical";"Forest";"Stream";"Terr. to fresh.";"Terr. plants";"Primary producers";355.5
"245";"doi:10.1016/B978-012088449-0.50005-4";58;"Organic Matter Processing in Tropical Streams";"Tropical";"Forest";"Stream";"Terr. to fresh.";"Terr. plants";"Primary producers";373.5
"246";"doi:10.1016/B978-012088449-0.50005-4";58;"Organic Matter Processing in Tropical Streams";"Tropical";"Forest";"Stream";"Terr. to fresh.";"Terr. plants";"Primary producers";459
"247";"doi:10.1016/B978-012088449-0.50005-4";58;"Organic Matter Processing in Tropical Streams";"Tropical";"Forest";"Stream";"Terr. to fresh.";"Terr. plants";"Primary producers";288
"248";"doi:10.1016/B978-012088449-0.50005-4";58;"Organic Matter Processing in Tropical Streams";"Tropical";"Forest";"Stream";"Terr. to fresh.";"Terr. plants";"Primary producers";333
"249";"doi:10.1016/B978-012088449-0.50005-4";58;"Organic Matter Processing in Tropical Streams";"Tropical";"Forest";"Stream";"Terr. to fresh.";"Terr. plants";"Primary producers";252
"250";"doi:10.1016/B978-012088449-0.50005-4";58;"Organic Matter Processing in Tropical Streams";"Tropical";"Forest";"Stream";"Terr. to fresh.";"Terr. plants";"Primary producers";108
"251";"doi:10.1016/B978-012088449-0.50005-4";58;"Organic Matter Processing in Tropical Streams";"Tropical";"Forest";"Stream";"Terr. to fresh.";"Terr. plants";"Primary producers";306
"252";"doi:10.1016/B978-012088449-0.50005-4";58;"Organic Matter Processing in Tropical Streams";"Tropical";"Forest";"Stream";"Terr. to fresh.";"Terr. plants";"Primary producers";301.5
"253";"doi:10.1016/B978-012088449-0.50005-4";58;"Organic Matter Processing in Tropical Streams";"Tropical";"Forest";"Stream";"Terr. to fresh.";"Terr. plants";"Primary producers";369
"254";"doi:10.1016/B978-012088449-0.50005-4";58;"Organic Matter Processing in Tropical Streams";"Tropical";"Grassland";"Stream";"Terr. to fresh.";"Terr. plants";"Primary producers";265.7657658
"255";"doi:10.1016/B978-012088449-0.50005-4";58;"Organic Matter Processing in Tropical Streams";"Tropical";"Grassland";"Stream";"Terr. to fresh.";"Terr. plants";"Primary producers";184.6846847
"256";"doi:10.1016/B978-012088449-0.50005-4";58;"Organic Matter Processing in Tropical Streams";"Tropical";"Forest";"Stream";"Terr. to fresh.";"Terr. plants";"Primary producers";477
"257";"doi:10.1016/B978-012088449-0.50005-4";58;"Organic Matter Processing in Tropical Streams";"Tropical";"Forest";"Stream";"Terr. to fresh.";"Terr. plants";"Primary producers";267.75
"258";"doi:10.1016/B978-012088449-0.50005-4";58;"Organic Matter Processing in Tropical Streams";"Tropical";"Forest";"Stream";"Terr. to fresh.";"Terr. plants";"Primary producers";162
"259";"doi:10.1016/B978-012088449-0.50005-4";58;"Organic Matter Processing in Tropical Streams";"Tropical";"Forest";"Stream";"Terr. to fresh.";"Terr. plants";"Primary producers";180
"260";"10.1071/MF08247";59;"Composition and dynamics of allochthonous organic matter inputs and benthic stock in a Brazilian stream";"Tropical";"Forest";"Stream";"Terr. to fresh.";"Terr. plants";"Primary producers";318.6
"261";"10.1111/j.1365-2427.2004.01239.x";60;"Flow extremes and benthic organic matter shape the metabolism of a headwater Mediterranean stream";"Arid";"Forest";"Stream";"Terr. to fresh.";"Terr. plants";"Primary producers";231.775
"262";"10.1111/j.1365-2427.2006.01620.x";61;"Bacterial production in the carbon flow of a central European stream, the Breitenbach";"Temperate";"Stream";"Forest";"Fresh. to terr.";"Aqu. insects";"Invertebrates";0.076785714
"273";"10.4319/lo.2012.57.4.1048";62;"Terrestrial organic matter support of lake food webs: Evidence from lake metabolism and stable hydrogen isotopes of consumers";"Boreal";"Forest";"Lake";"Terr. to fresh.";"Terr. plants";"Primary producers";465
"288";"10.1016/S0304-3770(96)01064-10";63;"A partial budget of primary organic carbon flows in the littoral zone of a hardwater lake";"Temperate";"Forest";"Lake";"Terr. to fresh.";"Terr. plants";"Primary producers";47
"297";"10.1111/fwb.12474";64;"The hippopotamus conveyor belt : vectors of carbon and nutrients from terrestrial grasslands to aquatic systems in sub-Saharan Africa";"Tropical";"Grassland";"Stream";"Terr. to fresh.";"Mammal faeces";"Vertebrates";502
"298";"10.1111/fwb.12474";64;"The hippopotamus conveyor belt : vectors of carbon and nutrients from terrestrial grasslands to aquatic systems in sub-Saharan Africa";"Tropical";"Grassland";"Stream";"Terr. to fresh.";"Mammal faeces";"Vertebrates";1481
"299";"10.1111/fwb.12642";65;"Shifts in reciprocal river-riparian arthropod fluxes along an urban-rural landscape gradient";"Temperate";"Stream";"Forest";"Fresh. to terr.";"Aqu. insects";"Invertebrates";0.1526192
"300";"10.1111/fwb.12642";65;"Shifts in reciprocal river-riparian arthropod fluxes along an urban-rural landscape gradient";"Temperate";"Stream";"Forest";"Fresh. to terr.";"Aqu. insects";"Invertebrates";0.1660856
"301";"10.1111/fwb.12642";65;"Shifts in reciprocal river-riparian arthropod fluxes along an urban-rural landscape gradient";"Temperate";"Stream";"Grassland";"Fresh. to terr.";"Aqu. insects";"Invertebrates";0.0628432
"302";"10.1111/fwb.12642";65;"Shifts in reciprocal river-riparian arthropod fluxes along an urban-rural landscape gradient";"Temperate";"Stream";"Forest";"Fresh. to terr.";"Aqu. insects";"Invertebrates";0.2154624
"303";"10.1111/fwb.12642";65;"Shifts in reciprocal river-riparian arthropod fluxes along an urban-rural landscape gradient";"Temperate";"Stream";"Forest";"Fresh. to terr.";"Aqu. insects";"Invertebrates";0.5611
"304";"10.1111/fwb.12642";65;"Shifts in reciprocal river-riparian arthropod fluxes along an urban-rural landscape gradient";"Temperate";"Stream";"Grassland";"Fresh. to terr.";"Aqu. insects";"Invertebrates";0.2827944
"305";"10.1111/fwb.12642";65;"Shifts in reciprocal river-riparian arthropod fluxes along an urban-rural landscape gradient";"Temperate";"Stream";"Grassland";"Fresh. to terr.";"Aqu. insects";"Invertebrates";0.9516256
"306";"10.1111/fwb.12642";65;"Shifts in reciprocal river-riparian arthropod fluxes along an urban-rural landscape gradient";"Temperate";"Stream";"Forest";"Fresh. to terr.";"Aqu. insects";"Invertebrates";0.3725704
"307";"10.1111/fwb.12642";65;"Shifts in reciprocal river-riparian arthropod fluxes along an urban-rural landscape gradient";"Temperate";"Stream";"Grassland";"Fresh. to terr.";"Aqu. insects";"Invertebrates";1.2523752
"308";"10.1111/fwb.12642";65;"Shifts in reciprocal river-riparian arthropod fluxes along an urban-rural landscape gradient";"Temperate";"Stream";"Forest";"Fresh. to terr.";"Aqu. insects";"Invertebrates";0.7720736
"309";"10.1111/fwb.12642";65;"Shifts in reciprocal river-riparian arthropod fluxes along an urban-rural landscape gradient";"Temperate";"Stream";"Forest";"Fresh. to terr.";"Aqu. insects";"Invertebrates";0.426436
"310";"10.1111/fwb.12642";65;"Shifts in reciprocal river-riparian arthropod fluxes along an urban-rural landscape gradient";"Temperate";"Stream";"Grassland";"Fresh. to terr.";"Aqu. insects";"Invertebrates";0.2648392
"311";"10.1111/fwb.12642";65;"Shifts in reciprocal river-riparian arthropod fluxes along an urban-rural landscape gradient";"Temperate";"Forest";"Stream";"Terr. to fresh.";"Terr. inverteb.";"Invertebrates";1.032424
"312";"10.1111/fwb.12642";65;"Shifts in reciprocal river-riparian arthropod fluxes along an urban-rural landscape gradient";"Temperate";"Forest";"Stream";"Terr. to fresh.";"Terr. inverteb.";"Invertebrates";1.2299312
"313";"10.1111/fwb.12642";65;"Shifts in reciprocal river-riparian arthropod fluxes along an urban-rural landscape gradient";"Temperate";"Grassland";"Stream";"Terr. to fresh.";"Terr. inverteb.";"Invertebrates";0.6374096
"314";"10.1111/fwb.12642";65;"Shifts in reciprocal river-riparian arthropod fluxes along an urban-rural landscape gradient";"Temperate";"Forest";"Stream";"Terr. to fresh.";"Terr. inverteb.";"Invertebrates";1.5082368
"315";"10.1111/fwb.12642";65;"Shifts in reciprocal river-riparian arthropod fluxes along an urban-rural landscape gradient";"Temperate";"Forest";"Stream";"Terr. to fresh.";"Terr. inverteb.";"Invertebrates";1.0683344
"316";"10.1111/fwb.12642";65;"Shifts in reciprocal river-riparian arthropod fluxes along an urban-rural landscape gradient";"Temperate";"Grassland";"Stream";"Terr. to fresh.";"Terr. inverteb.";"Invertebrates";1.0234464
"317";"10.1111/fwb.12642";65;"Shifts in reciprocal river-riparian arthropod fluxes along an urban-rural landscape gradient";"Temperate";"Grassland";"Stream";"Terr. to fresh.";"Terr. inverteb.";"Invertebrates";2.3700864
"318";"10.1111/fwb.12642";65;"Shifts in reciprocal river-riparian arthropod fluxes along an urban-rural landscape gradient";"Temperate";"Forest";"Stream";"Terr. to fresh.";"Terr. inverteb.";"Invertebrates";3.3127344
"319";"10.1111/fwb.12642";65;"Shifts in reciprocal river-riparian arthropod fluxes along an urban-rural landscape gradient";"Temperate";"Grassland";"Stream";"Terr. to fresh.";"Terr. inverteb.";"Invertebrates";5.2698512
"320";"10.1111/fwb.12642";65;"Shifts in reciprocal river-riparian arthropod fluxes along an urban-rural landscape gradient";"Temperate";"Forest";"Stream";"Terr. to fresh.";"Terr. inverteb.";"Invertebrates";1.1222
"321";"10.1111/fwb.12642";65;"Shifts in reciprocal river-riparian arthropod fluxes along an urban-rural landscape gradient";"Temperate";"Forest";"Stream";"Terr. to fresh.";"Terr. inverteb.";"Invertebrates";2.4778176
"322";"10.1111/fwb.12642";65;"Shifts in reciprocal river-riparian arthropod fluxes along an urban-rural landscape gradient";"Temperate";"Grassland";"Stream";"Terr. to fresh.";"Terr. inverteb.";"Invertebrates";1.4543712
"323";"10.1007/s00442-013-2643-6";66;"Leaf litter quality affects aquatic insect emergence: Contrasting patterns from two foundation trees";"Arid";"Stream";"Forest";"Fresh. to terr.";"Aqu. insects";"Invertebrates";0.741257129
"324";"10.1007/s00442-013-2643-6";66;"Leaf litter quality affects aquatic insect emergence: Contrasting patterns from two foundation trees";"Arid";"Stream";"Forest";"Fresh. to terr.";"Aqu. insects";"Invertebrates";0.815765693
"327";"10.1890/08-1546.1";67;"Flux of aquatic insect productivity to land: comparison of lentic and lotic ecosystems";"Temperate";"Lake";"Grassland";"Fresh. to terr.";"Aqu. insects";"Invertebrates";9.493126854
"328";"10.1890/08-1546.1";67;"Flux of aquatic insect productivity to land: comparison of lentic and lotic ecosystems";"Temperate";"Lake";"Forest";"Fresh. to terr.";"Aqu. insects";"Invertebrates";9.493126854
"329";"10.1890/08-1546.1";67;"Flux of aquatic insect productivity to land: comparison of lentic and lotic ecosystems";"Boreal";"Lake";"Forest";"Fresh. to terr.";"Aqu. insects";"Invertebrates";5.7036
"330";"10.1890/08-1546.1";67;"Flux of aquatic insect productivity to land: comparison of lentic and lotic ecosystems";"Boreal";"Lake";"Forest";"Fresh. to terr.";"Aqu. insects";"Invertebrates";0.854634667
"331";"10.1890/08-1546.1";67;"Flux of aquatic insect productivity to land: comparison of lentic and lotic ecosystems";"Temperate";"Lake";"Grassland";"Fresh. to terr.";"Aqu. insects";"Invertebrates";8.021414099
"332";"10.1890/08-1546.1";67;"Flux of aquatic insect productivity to land: comparison of lentic and lotic ecosystems";"Temperate";"Lake";"Forest";"Fresh. to terr.";"Aqu. insects";"Invertebrates";8.021414099
"333";"10.1890/08-1546.1";67;"Flux of aquatic insect productivity to land: comparison of lentic and lotic ecosystems";"Arctic";"Lake";"Grassland";"Fresh. to terr.";"Aqu. insects";"Invertebrates";2.056704982
"334";"10.1890/08-1546.1";67;"Flux of aquatic insect productivity to land: comparison of lentic and lotic ecosystems";"Arctic";"Lake";"Grassland";"Fresh. to terr.";"Aqu. insects";"Invertebrates";1.339563937
"335";"10.1890/08-1546.1";67;"Flux of aquatic insect productivity to land: comparison of lentic and lotic ecosystems";"Arctic";"Lake";"Grassland";"Fresh. to terr.";"Aqu. insects";"Invertebrates";463.9485666
"336";"10.1890/08-1546.1";67;"Flux of aquatic insect productivity to land: comparison of lentic and lotic ecosystems";"Temperate";"Lake";"Grassland";"Fresh. to terr.";"Aqu. insects";"Invertebrates";467.8745907
"337";"10.1890/08-1546.1";67;"Flux of aquatic insect productivity to land: comparison of lentic and lotic ecosystems";"Temperate";"Lake";"Forest";"Fresh. to terr.";"Aqu. insects";"Invertebrates";467.8745907
"338";"10.1371/journal.pone.0036462";68;"Forest-stream linkages: Effects of terrestrial invertebrate input and light on diet and growth of brown trout (salmo trutta) in a boreal forest stream";"Boreal";"Forest";"Stream";"Terr. to fresh.";"Terr. inverteb.";"Invertebrates";3.03676
"339";"10.1371/journal.pone.0036462";68;"Forest-stream linkages: Effects of terrestrial invertebrate input and light on diet and growth of brown trout (salmo trutta) in a boreal forest stream";"Boreal";"Forest";"Stream";"Terr. to fresh.";"Terr. inverteb.";"Invertebrates";3.029072
"340";"10.1007/s10641-014-0250-y";69;"Woody debris and terrestrial invertebrates _ effects on prey resources for brown trout (Salmo trutta) in a boreal stream";"Boreal";"Forest";"Stream";"Terr. to fresh.";"Terr. inverteb.";"Invertebrates";7.511176
"341";"10.1007/s10641-014-0250-y";69;"Woody debris and terrestrial invertebrates _ effects on prey resources for brown trout (Salmo trutta) in a boreal stream";"Boreal";"Forest";"Stream";"Terr. to fresh.";"Terr. inverteb.";"Invertebrates";8.018584
"347";"10.1016/j.scitotenv.2016.10.156";70;"Cross-ecosystem fluxes: Export of polyunsaturated fatty acids from aquatic to terrestrial ecosystems via emerging insects";"Temperate";"Lake";"Grassland";"Fresh. to terr.";"Aqu. insects";"Invertebrates";24.58816273
"348";"10.1016/j.scitotenv.2016.10.156";70;"Cross-ecosystem fluxes: Export of polyunsaturated fatty acids from aquatic to terrestrial ecosystems via emerging insects";"Temperate";"Lake";"Forest";"Fresh. to terr.";"Aqu. insects";"Invertebrates";24.58816273
"349";"10.1899/08-038.1";71;"Deposition and decomposition of periodical cicadas (Homoptera: Cicadidae: Magicicauda) in woodland aquatic ecosystems";"Temperate";"Forest";"Lake";"Terr. to fresh.";"Terr. inverteb.";"Invertebrates";0.018392
"350";"10.1899/08-038.1";71;"Deposition and decomposition of periodical cicadas (Homoptera: Cicadidae: Magicicauda) in woodland aquatic ecosystems";"Temperate";"Forest";"Stream";"Terr. to fresh.";"Terr. inverteb.";"Invertebrates";0.291232
"351";"10.1899/08-038.1";71;"Deposition and decomposition of periodical cicadas (Homoptera: Cicadidae: Magicicauda) in woodland aquatic ecosystems";"Temperate";"Forest";"Lake";"Terr. to fresh.";"Terr. plants";"Primary producers";140.6892
"352";"10.1899/08-038.1";71;"Deposition and decomposition of periodical cicadas (Homoptera: Cicadidae: Magicicauda) in woodland aquatic ecosystems";"Temperate";"Forest";"Stream";"Terr. to fresh.";"Terr. plants";"Primary producers";135.4164
"358";"10.1134/S199542551604003X";72;"Fluxes of biomass and essential polyunsaturated fatty acids from water to land via chironomid emergence from a mountain lake";"Arctic";"Lake";"Grassland";"Fresh. to terr.";"Aqu. insects";"Invertebrates";0.47952
"372";"10.1080/02705060.2004.9664522";73;"Magnitude and fate of salmon-derived nutrients and energy in a coastal stream ecosystem";"Boreal";"Stream";"Forest";"Fresh. to terr.";"Carcass";"Vertebrates";11.30434783
"377";"10.1139/F03-172";74;"Effects of the abundance of spawning sockeye salmon ( Oncorhynchus nerka ) on nutrients and algal biomass in forested streams";"Boreal";"Forest";"Stream";"Terr. to fresh.";"Terr. plants";"Primary producers";53.75
"378";"10.1139/F03-172";74;"Effects of the abundance of spawning sockeye salmon ( Oncorhynchus nerka ) on nutrients and algal biomass in forested streams";"Boreal";"Forest";"Stream";"Terr. to fresh.";"Terr. plants";"Primary producers";31.33333333
"379";"10.1139/F03-172";74;"Effects of the abundance of spawning sockeye salmon ( Oncorhynchus nerka ) on nutrients and algal biomass in forested streams";"Boreal";"Forest";"Stream";"Terr. to fresh.";"Terr. plants";"Primary producers";27.6
"380";"10.1139/F03-045";75;"Density-dependent predation by brown bears ( Ursus arctos ) on sockeye salmon ( Oncorhynchus nerka )";"Boreal";"Stream";"Forest";"Fresh. to terr.";"Carcass";"Vertebrates";5.053641523
"381";"10.1139/F03-045";75;"Density-dependent predation by brown bears ( Ursus arctos ) on sockeye salmon ( Oncorhynchus nerka )";"Boreal";"Stream";"Forest";"Fresh. to terr.";"Carcass";"Vertebrates";1.82102999
"382";"10.1139/F03-045";75;"Density-dependent predation by brown bears ( Ursus arctos ) on sockeye salmon ( Oncorhynchus nerka )";"Boreal";"Stream";"Forest";"Fresh. to terr.";"Carcass";"Vertebrates";2.413714637
"383";"10.1139/F03-045";75;"Density-dependent predation by brown bears ( Ursus arctos ) on sockeye salmon ( Oncorhynchus nerka )";"Boreal";"Stream";"Forest";"Fresh. to terr.";"Carcass";"Vertebrates";0.069308237
"384";"10.1139/F03-045";75;"Density-dependent predation by brown bears ( Ursus arctos ) on sockeye salmon ( Oncorhynchus nerka )";"Boreal";"Stream";"Forest";"Fresh. to terr.";"Carcass";"Vertebrates";1.352783462
"385";"10.1139/F03-045";75;"Density-dependent predation by brown bears ( Ursus arctos ) on sockeye salmon ( Oncorhynchus nerka )";"Boreal";"Stream";"Forest";"Fresh. to terr.";"Carcass";"Vertebrates";15.97982481
"386";"10.1139/F03-045";75;"Density-dependent predation by brown bears ( Ursus arctos ) on sockeye salmon ( Oncorhynchus nerka )";"Boreal";"Stream";"Forest";"Fresh. to terr.";"Carcass";"Vertebrates";6.103588147
"387";"10.1139/F03-045";75;"Density-dependent predation by brown bears ( Ursus arctos ) on sockeye salmon ( Oncorhynchus nerka )";"Boreal";"Stream";"Forest";"Fresh. to terr.";"Carcass";"Vertebrates";3.137412096
"388";"10.1139/F03-045";75;"Density-dependent predation by brown bears ( Ursus arctos ) on sockeye salmon ( Oncorhynchus nerka )";"Boreal";"Stream";"Forest";"Fresh. to terr.";"Carcass";"Vertebrates";2.966428838
"389";"10.1139/F03-045";75;"Density-dependent predation by brown bears ( Ursus arctos ) on sockeye salmon ( Oncorhynchus nerka )";"Boreal";"Stream";"Forest";"Fresh. to terr.";"Carcass";"Vertebrates";0.920132045
"390";"10.1139/F03-045";75;"Density-dependent predation by brown bears ( Ursus arctos ) on sockeye salmon ( Oncorhynchus nerka )";"Boreal";"Stream";"Forest";"Fresh. to terr.";"Carcass";"Vertebrates";2.849167872
"391";"10.1139/F03-045";75;"Density-dependent predation by brown bears ( Ursus arctos ) on sockeye salmon ( Oncorhynchus nerka )";"Boreal";"Stream";"Forest";"Fresh. to terr.";"Carcass";"Vertebrates";9.39009792
"392";"10.1139/F03-045";75;"Density-dependent predation by brown bears ( Ursus arctos ) on sockeye salmon ( Oncorhynchus nerka )";"Boreal";"Stream";"Forest";"Fresh. to terr.";"Carcass";"Vertebrates";1.66973184
"393";"10.1139/f92-038";76;"Coarse particulate detritus dynamics in small, montane streams of southwestern British Columbia";"Boreal";"Forest";"Stream";"Terr. to fresh.";"Terr. plants";"Primary producers";127.625
"394";"10.1139/f92-038";76;"Coarse particulate detritus dynamics in small, montane streams of southwestern British Columbia";"Boreal";"Forest";"Stream";"Terr. to fresh.";"Terr. plants";"Primary producers";232.5
"395";"10.1139/f92-038";76;"Coarse particulate detritus dynamics in small, montane streams of southwestern British Columbia";"Boreal";"Forest";"Stream";"Terr. to fresh.";"Terr. plants";"Primary producers";105.375
"440";"10.1023/A:1003037200703";77;"The macrobenthos of the pristine stream, Skiftessaa, Hylandet, Norway";"Boreal";"Stream";"Forest";"Fresh. to terr.";"Aqu. insects";"Invertebrates";0.00865272
"452";"10.1134/S1995425516040107";78;"Emergence of amphibiotic insects from a floodplain lake in the Usman Forest in the Central Russian forest steppe";"Temperate";"Lake";"Grassland";"Fresh. to terr.";"Aqu. insects";"Invertebrates";1.830086824
"453";"";79;"Emergence of Trichoptera from Findley Lake and two ponds in the coniferous forest of the Cascade Mountains, USA";"Temperate";"Lake";"Forest";"Fresh. to terr.";"Aqu. insects";"Invertebrates";1.020429303
"454";"";79;"Emergence of Trichoptera from Findley Lake and two ponds in the coniferous forest of the Cascade Mountains, USA";"Temperate";"Lake";"Forest";"Fresh. to terr.";"Aqu. insects";"Invertebrates";0.097614951
"455";"";80;"Macrobenthos. In: Hobbie et al. Limnology of tundra ponds: Barrow, Alaska ";"Arctic";"Lake";"Grassland";"Fresh. to terr.";"Aqu. insects";"Invertebrates";0.84769809
"456";"";80;"Macrobenthos. In: Hobbie et al. Limnology of tundra ponds: Barrow, Alaska ";"Arctic";"Lake";"Grassland";"Fresh. to terr.";"Aqu. insects";"Invertebrates";0.305672459
"457";"";80;"Macrobenthos. In: Hobbie et al. Limnology of tundra ponds: Barrow, Alaska ";"Arctic";"Lake";"Grassland";"Fresh. to terr.";"Aqu. insects";"Invertebrates";0.313698435
"458";"10.1111/oik.01524";81;"Boomerang ecosystem fluxes: Organic carbon inputs from land to lakes are returned to terrestrial food webs via aquatic insects";"Temperate";"Forest";"Lake";"Terr. to fresh.";"Terr. plants";"Primary producers";7.2
"459";"10.1111/oik.01524";81;"Boomerang ecosystem fluxes: Organic carbon inputs from land to lakes are returned to terrestrial food webs via aquatic insects";"Temperate";"Forest";"Lake";"Terr. to fresh.";"Terr. plants";"Primary producers";6.4
"460";"";82;"Dispersal of Terrestrial Plant Litter into a Subalpine Lake";"Temperate";"Forest";"Lake";"Terr. to fresh.";"Terr. plants";"Primary producers";1.543859649
"461";"10.1007/s00027-008-8074-5";83;"Airborne carbon deposition on a remote forested lake";"Temperate";"Forest";"Lake";"Terr. to fresh.";"POC";"POC-DOC";1.81
"462";"10.1007/s00027-008-8074-5";83;"Airborne carbon deposition on a remote forested lake";"Temperate";"Forest";"Lake";"Terr. to fresh.";"POC";"POC-DOC";7.8735
"464";"10.1134/S1995425516040053";84;"Substance and energy flows formed by the emergence of amphibiotic insects across the water_air boundary on the floodplain lakes of the Volga River";"Temperate";"Lake";"Forest";"Fresh. to terr.";"Aqu. insects";"Invertebrates";0.681245781
"465";"10.1007/s10021-008-9194-4";85;"Periodical cicada detritus impacts stream ecosystem metabolism";"Temperate";"Forest";"Stream";"Terr. to fresh.";"Terr. inverteb.";"Invertebrates";0.141447529
"466";"10.1139/cjfas-2015-0548";86;"Invasive European bird cherry (Prunus padus) reduces terrestrial prey subsidies to urban Alaskan salmon streams";"Boreal";"Forest";"Stream";"Terr. to fresh.";"Terr. inverteb.";"Invertebrates";0.15624
"467";"10.1139/cjfas-2015-0548";86;"Invasive European bird cherry (Prunus padus) reduces terrestrial prey subsidies to urban Alaskan salmon streams";"Boreal";"Forest";"Stream";"Terr. to fresh.";"Terr. inverteb.";"Invertebrates";0.372465
"468";"10.1139/cjfas-2015-0548";86;"Invasive European bird cherry (Prunus padus) reduces terrestrial prey subsidies to urban Alaskan salmon streams";"Boreal";"Forest";"Stream";"Terr. to fresh.";"Terr. inverteb.";"Invertebrates";0.1674
"469";"10.1139/cjfas-2015-0548";86;"Invasive European bird cherry (Prunus padus) reduces terrestrial prey subsidies to urban Alaskan salmon streams";"Boreal";"Forest";"Stream";"Terr. to fresh.";"Terr. inverteb.";"Invertebrates";0.495225
"475";"10.1007/s00027-013-0320-9";87;"How hydroperiod and species richness affect the balance of resource flows across aquatic-terrestrial habitats";"Boreal";"Lake";"Forest";"Fresh. to terr.";"Aqu. insects";"Invertebrates";0.123
"476";"10.1007/s00027-013-0320-9";87;"How hydroperiod and species richness affect the balance of resource flows across aquatic-terrestrial habitats";"Boreal";"Lake";"Forest";"Fresh. to terr.";"Aqu. insects";"Invertebrates";47.407
"477";"10.1007/s00027-013-0320-9";87;"How hydroperiod and species richness affect the balance of resource flows across aquatic-terrestrial habitats";"Boreal";"Lake";"Forest";"Fresh. to terr.";"Aqu. insects";"Invertebrates";0.358
"478";"10.1007/s00027-013-0320-9";87;"How hydroperiod and species richness affect the balance of resource flows across aquatic-terrestrial habitats";"Boreal";"Lake";"Forest";"Fresh. to terr.";"Aqu. insects";"Invertebrates";1.935
"479";"10.1007/s00027-013-0320-9";87;"How hydroperiod and species richness affect the balance of resource flows across aquatic-terrestrial habitats";"Boreal";"Lake";"Forest";"Fresh. to terr.";"Small amphib.";"Vertebrates";127.326
"480";"10.1007/s00027-013-0320-9";87;"How hydroperiod and species richness affect the balance of resource flows across aquatic-terrestrial habitats";"Boreal";"Lake";"Forest";"Fresh. to terr.";"Small amphib.";"Vertebrates";80.601
"481";"10.1007/s00027-013-0320-9";87;"How hydroperiod and species richness affect the balance of resource flows across aquatic-terrestrial habitats";"Boreal";"Lake";"Forest";"Fresh. to terr.";"Small amphib.";"Vertebrates";42.011
"482";"10.1007/s00027-013-0320-9";87;"How hydroperiod and species richness affect the balance of resource flows across aquatic-terrestrial habitats";"Boreal";"Lake";"Forest";"Fresh. to terr.";"Small amphib.";"Vertebrates";39.994
"518";"10.1073/pnas.1614778114";88;"Annual mass drownings of the Serengeti wildebeest migration influence nutrient cycling and storage in the Mara River";"Tropical";"Grassland";"Stream";"Terr. to fresh.";"Carcass";"Vertebrates";136.8
