"DOI";"Paper_ID";"Title";"Mattyp1";"Exporter_ecosyst";"Ratio";"Type_ecosyst"
"1";"10.1111/fwb.12474";64;"The hippopotamus conveyor belt : vectors of carbon and nutrients from terrestrial grasslands to aquatic systems in sub-Saharan Africa";"Mammal faeces";"Grassland";0.0282764811450782;"Terrestrial"
"4";"10.1111/fwb.12474";64;"The hippopotamus conveyor belt : vectors of carbon and nutrients from terrestrial grasslands to aquatic systems in sub-Saharan Africa";"Mammal faeces";"Grassland";0.145506419392553;"Terrestrial"
"7";"10.1073/pnas.1614778114";88;"Annual mass drownings of the Serengeti wildebeest migration influence nutrient cycling and storage in the Mara River";"Carcass";"Grassland";0.117647058823529;"Terrestrial"
"11";"10.1111/fwb.13130";91;"Amphibian-mediated nutrient fluxes across aquatic–terrestrial boundaries of temporary wetlands";"Small amphib.";"Forest";0.200803212851406;"Terrestrial"
"14";"10.1111/fwb.13130";91;"Amphibian-mediated nutrient fluxes across aquatic–terrestrial boundaries of temporary wetlands";"Small amphib.";"Grassland";0.253807106598985;"Terrestrial"
"17";"10.1111/fwb.13130";91;"Amphibian-mediated nutrient fluxes across aquatic–terrestrial boundaries of temporary wetlands";"Small amphib.";"Forest";0.191938579654511;"Terrestrial"
"20";"10.1111/fwb.13130";91;"Amphibian-mediated nutrient fluxes across aquatic–terrestrial boundaries of temporary wetlands";"Small amphib.";"Grassland";0.263157894736842;"Terrestrial"
"23";"10.1643/0045-8511(2006)6[640:DROSAM]2.0.CO/";37;"Decomposition Rates of Salamander (Ambystoma Maculatum) Life Stages and Associated Energy and Nutrient Fluxes in Ponds and Adjacent Forest in Southern Illinois";"Small amphib.";"Forest";0.189560990016391;"Terrestrial"
"24";"10.1643/0045-8511(2006)6[640:DROSAM]2.0.CO/";37;"Decomposition Rates of Salamander (Ambystoma Maculatum) Life Stages and Associated Energy and Nutrient Fluxes in Ponds and Adjacent Forest in Southern Illinois";"Small amphib.";"Forest";0.264597444094529;"Terrestrial"
"25";"10.1643/0045-8511(2006)6[640:DROSAM]2.0.CO/";37;"Decomposition Rates of Salamander (Ambystoma Maculatum) Life Stages and Associated Energy and Nutrient Fluxes in Ponds and Adjacent Forest in Southern Illinois";"Small amphib.";"Lake";0.263121546987856;"Aquatic"
"26";"10.1643/0045-8511(2006)6[640:DROSAM]2.0.CO/";37;"Decomposition Rates of Salamander (Ambystoma Maculatum) Life Stages and Associated Energy and Nutrient Fluxes in Ponds and Adjacent Forest in Southern Illinois";"Small amphib.";"Forest";0.25;"Terrestrial"
"27";"10.1643/0045-8511(2006)6[640:DROSAM]2.0.CO/";37;"Decomposition Rates of Salamander (Ambystoma Maculatum) Life Stages and Associated Energy and Nutrient Fluxes in Ponds and Adjacent Forest in Southern Illinois";"Small amphib.";"Forest";0.263157894736842;"Terrestrial"
"28";"10.1899/08-038.1";71;"Deposition and decomposition of periodical cicadas (Homoptera: Cicadidae: Magicicauda) in woodland aquatic ecosystems";"Terr. inverteb.";"Forest";0.177578947381618;"Terrestrial"
"31";"10.1899/08-038.1";71;"Deposition and decomposition of periodical cicadas (Homoptera: Cicadidae: Magicicauda) in woodland aquatic ecosystems";"Terr. inverteb.";"Forest";0.221695629283704;"Terrestrial"
"34";"10.1899/08-038.1";71;"Deposition and decomposition of periodical cicadas (Homoptera: Cicadidae: Magicicauda) in woodland aquatic ecosystems";"Terr. plants";"Forest";0.0186993603405653;"Terrestrial"
"37";"10.1111/j.1744-7429.2012.00896.x";24;"Importance of Terrestrial Arthropods as Subsidies in Lowland Neotropical Rain Forest Stream Ecosystems";"Terr. inverteb.";"Forest";0.201612903225806;"Terrestrial"
"40";"10.1007/s00442-009-1489-4";95;"Deviation from strict homeostasis across multiple trophic levels in an invertebrate consumer assemblage exposed to high chronic phosphorus enrichment in a neotropical stream";"Aqu. insects";"Stream";0.196078431372549;"Aquatic"
"43";"10.1007/s00442-009-1489-4";95;"Deviation from strict homeostasis across multiple trophic levels in an invertebrate consumer assemblage exposed to high chronic phosphorus enrichment in a neotropical stream";"Aqu. insects";"Stream";0.196078431372549;"Aquatic"
"46";"10.1007/s00442-009-1489-4";95;"Deviation from strict homeostasis across multiple trophic levels in an invertebrate consumer assemblage exposed to high chronic phosphorus enrichment in a neotropical stream";"Aqu. insects";"Stream";0.193805961471375;"Aquatic"
"49";"10.1007/s00442-009-1489-4";95;"Deviation from strict homeostasis across multiple trophic levels in an invertebrate consumer assemblage exposed to high chronic phosphorus enrichment in a neotropical stream";"Aqu. insects";"Stream";0.204323484941359;"Aquatic"
"52";"10.1007/s00442-009-1489-4";95;"Deviation from strict homeostasis across multiple trophic levels in an invertebrate consumer assemblage exposed to high chronic phosphorus enrichment in a neotropical stream";"Aqu. insects";"Stream";0.204156628965743;"Aquatic"
"55";"10.1007/s00442-009-1489-4";95;"Deviation from strict homeostasis across multiple trophic levels in an invertebrate consumer assemblage exposed to high chronic phosphorus enrichment in a neotropical stream";"Aqu. insects";"Stream";0.202852100533501;"Aquatic"
"58";"10.1007/s00442-009-1489-4";95;"Deviation from strict homeostasis across multiple trophic levels in an invertebrate consumer assemblage exposed to high chronic phosphorus enrichment in a neotropical stream";"Aqu. insects";"Stream";0.201523517794527;"Aquatic"
"61";"10.1007/s00442-009-1489-4";95;"Deviation from strict homeostasis across multiple trophic levels in an invertebrate consumer assemblage exposed to high chronic phosphorus enrichment in a neotropical stream";"Aqu. insects";"Stream";0.208528829110625;"Aquatic"
"64";"10.1007/s00442-009-1489-4";95;"Deviation from strict homeostasis across multiple trophic levels in an invertebrate consumer assemblage exposed to high chronic phosphorus enrichment in a neotropical stream";"Aqu. insects";"Stream";0.180665209300645;"Aquatic"
"67";"10.1007/s00442-009-1489-4";95;"Deviation from strict homeostasis across multiple trophic levels in an invertebrate consumer assemblage exposed to high chronic phosphorus enrichment in a neotropical stream";"Aqu. insects";"Stream";0.173478592741656;"Aquatic"
"70";"10.1899/12-074.1";26;"Riparian litter inputs to streams in the central Oregon Coast Range";"Terr. plants";"Forest";0.0357142857142857;"Terrestrial"
"71";"10.1899/12-074.1";26;"Riparian litter inputs to streams in the central Oregon Coast Range";"Terr. plants";"Forest";0.0178571428571429;"Terrestrial"
"72";"10.1139/cjz-2014-0141";96;"Abundance, biomass production, nutrient content, and the possible role of terrestrial salamanders in Missouri Ozark forest ecosystems";"Small amphib.";"Forest";0.246284501036472;"Terrestrial"
"75";"10.1139/cjz-2014-0141";96;"Abundance, biomass production, nutrient content, and the possible role of terrestrial salamanders in Missouri Ozark forest ecosystems";"Small amphib.";"Lake";0.239130434772212;"Aquatic"
"78";"10.1139/cjz-2014-0141";96;"Abundance, biomass production, nutrient content, and the possible role of terrestrial salamanders in Missouri Ozark forest ecosystems";"Small amphib.";"Lake";0.217213114749647;"Aquatic"
"89";"10.1111/oik.01524";81;"Boomerang ecosystem fluxes: Organic carbon inputs from land to lakes are returned to terrestrial food webs via aquatic insects";"Terr. plants";"Forest";0.0636942675159236;"Terrestrial"
"90";"10.1111/j.1365-2427.2012.02740.x";97;"Invertebrate feeding and emergence timing vary among streams along a gradient of riparian forest composition";"Terr. plants";"Forest";0.0392156862745098;"Terrestrial"
"93";"10.1111/j.1365-2427.2012.02740.x";97;"Invertebrate feeding and emergence timing vary among streams along a gradient of riparian forest composition";"Terr. plants";"Forest";0.027027027027027;"Terrestrial"
"96";"10.1111/j.1365-2427.2012.02740.x";97;"Invertebrate feeding and emergence timing vary among streams along a gradient of riparian forest composition";"Aqu. insects";"Stream";0.204081632653061;"Aquatic"
"99";"10.1111/j.1365-2427.2012.02740.x";97;"Invertebrate feeding and emergence timing vary among streams along a gradient of riparian forest composition";"Aqu. insects";"Stream";0.213219616204691;"Aquatic"
"102";"10.1111/j.1365-2427.2012.02740.x";97;"Invertebrate feeding and emergence timing vary among streams along a gradient of riparian forest composition";"Aqu. insects";"Stream";0.18450184501845;"Aquatic"
"105";"10.1111/j.1365-2427.2012.02740.x";97;"Invertebrate feeding and emergence timing vary among streams along a gradient of riparian forest composition";"Aqu. insects";"Stream";0.210970464135021;"Aquatic"
"108";"10.1111/j.1365-2427.2012.02740.x";97;"Invertebrate feeding and emergence timing vary among streams along a gradient of riparian forest composition";"Aqu. insects";"Stream";0.175131348511384;"Aquatic"
"111";"10.1111/j.1365-2427.2012.02740.x";97;"Invertebrate feeding and emergence timing vary among streams along a gradient of riparian forest composition";"Aqu. insects";"Stream";0.217391304347826;"Aquatic"
"114";"10.1111/j.1365-2427.2012.02740.x";97;"Invertebrate feeding and emergence timing vary among streams along a gradient of riparian forest composition";"Aqu. insects";"Stream";0.230414746543779;"Aquatic"
"117";"10.1111/j.1365-2427.2012.02740.x";97;"Invertebrate feeding and emergence timing vary among streams along a gradient of riparian forest composition";"Aqu. insects";"Stream";0.192307692307692;"Aquatic"
"120";"10.1111/j.1365-2427.2012.02740.x";97;"Invertebrate feeding and emergence timing vary among streams along a gradient of riparian forest composition";"Aqu. insects";"Stream";0.215982721382289;"Aquatic"
"123";"10.1111/j.1365-2486.2008.01781.x";98;"Controls on long-term root and leaf litter decomposition in neotropical forests";"Terr. plants";"Forest";0.0162074554294976;"Terrestrial"
"124";"10.1111/j.1365-2486.2008.01781.x";98;"Controls on long-term root and leaf litter decomposition in neotropical forests";"Terr. plants";"Forest";0.0413223140495868;"Terrestrial"
"125";"10.1111/j.1365-2486.2008.01781.x";98;"Controls on long-term root and leaf litter decomposition in neotropical forests";"Terr. plants";"Forest";0.0199600798403194;"Terrestrial"
"126";"10.1111/j.1365-2486.2008.01781.x";98;"Controls on long-term root and leaf litter decomposition in neotropical forests";"Terr. plants";"Forest";0.0121802679658953;"Terrestrial"
"127";"10.1111/j.1365-2486.2008.01781.x";98;"Controls on long-term root and leaf litter decomposition in neotropical forests";"Terr. plants";"Forest";0.00798084596967279;"Terrestrial"
"128";"10.1111/j.1365-2486.2008.01781.x";98;"Controls on long-term root and leaf litter decomposition in neotropical forests";"Terr. plants";"Forest";0.011001100110011;"Terrestrial"
"129";"10.1111/j.1365-2486.2008.01781.x";98;"Controls on long-term root and leaf litter decomposition in neotropical forests";"Terr. plants";"Forest";0.006635700066357;"Terrestrial"
"138";"10.1899/06-113.1";99;"Within-species variation in foliar chemistry influences leaf-litter decomposition in a Utah river";"Terr. plants";"Forest";0.010413846249974;"Terrestrial"
"139";"10.1899/06-113.1";99;"Within-species variation in foliar chemistry influences leaf-litter decomposition in a Utah river";"Terr. plants";"Forest";0.0111614617050249;"Terrestrial"
"144";"";100;"Recycling of marine elements trans- ported into freshwater systems by anadromous salmon";"Carcass";"Stream";0.186224489785467;"Aquatic"
"147";"";100;"Recycling of marine elements trans- ported into freshwater systems by anadromous salmon";"Carcass";"Stream";0.308641975308642;"Aquatic"
"152";"";101;"Effects of alewife spawning migrations";"Carcass";"Lake";0.181305637965948;"Aquatic"
"155";"";101;"Effects of alewife spawning migrations";"Carcass";"Lake";0.237499999988125;"Aquatic"
"158";"10.1139/F03-172";74;"Effects of the abundance of spawning sockeye salmon ( Oncorhynchus nerka ) on nutrients and algal biomass in forested streams";"Carcass";"Stream";0.310747663530347;"Aquatic"
"161";"";30;"Litterfall, litter decomposition, and flux of particulate organic material in a coastal plain stream";"Terr. plants";"Forest";0.0105065811122771;"Terrestrial"
"164";"";30;"Litterfall, litter decomposition, and flux of particulate organic material in a coastal plain stream";"Terr. plants";"Forest";0.0064041765477774;"Terrestrial"
"167";"";30;"Litterfall, litter decomposition, and flux of particulate organic material in a coastal plain stream";"Terr. plants";"Forest";0.00590844393448008;"Terrestrial"
"170";"10.1016/j.geoderma.2007.10.016";102;"Redistributed lacustrine detritus as a spatial subsidy of biological resources for soils in an Antarctic dry valley";"POC";"Lake";0.105324046280229;"Aquatic"
"171";"10.1899/07-134.1";57;"Modeling C and N flows through a stream food web: an inverse approach";"Terr. plants";"Forest";0.0348087666544363;"Terrestrial"
"172";"10.1899/07-134.1";57;"Modeling C and N flows through a stream food web: an inverse approach";"Carcass";"Forest";0.0427104722764543;"Terrestrial"
"173";"";82;"Dispersal of Terrestrial Plant Litter into a Subalpine Lake";"Terr. plants";"Forest";0.008;"Terrestrial"
"176";"doi:10.1016/B978-012088449-0.50005-4";58;"Organic Matter Processing in Tropical Streams";"Terr. plants";"Forest";0.0192678227360308;"Terrestrial"
"177";"doi:10.1016/B978-012088449-0.50005-4";58;"Organic Matter Processing in Tropical Streams";"Carcass";"Forest";0.025062656641604;"Terrestrial"
"178";"10.1002/iroh.200911173";103;"Leaf Quality of Some Tropical and Temperate Tree Species as Food Resource for Stream Shredders";"Terr. plants";"Forest";0.0518134715025907;"Terrestrial"
"179";"10.1002/iroh.200911173";103;"Leaf Quality of Some Tropical and Temperate Tree Species as Food Resource for Stream Shredders";"Terr. plants";"Forest";0.022271714922049;"Terrestrial"
"180";"10.1002/iroh.200911173";103;"Leaf Quality of Some Tropical and Temperate Tree Species as Food Resource for Stream Shredders";"Terr. plants";"Forest";0.0302114803625378;"Terrestrial"
"181";"10.1002/iroh.200911173";103;"Leaf Quality of Some Tropical and Temperate Tree Species as Food Resource for Stream Shredders";"Terr. plants";"Forest";0.0223214285714286;"Terrestrial"
"182";"10.1002/iroh.200911173";103;"Leaf Quality of Some Tropical and Temperate Tree Species as Food Resource for Stream Shredders";"Terr. plants";"Forest";0.178571428571429;"Terrestrial"
"183";"10.1002/iroh.200911173";103;"Leaf Quality of Some Tropical and Temperate Tree Species as Food Resource for Stream Shredders";"Terr. plants";"Forest";0.0284090909090909;"Terrestrial"
"184";"10.1002/iroh.200911173";103;"Leaf Quality of Some Tropical and Temperate Tree Species as Food Resource for Stream Shredders";"Terr. plants";"Forest";0.0374531835205993;"Terrestrial"
"185";"10.1002/iroh.200911173";103;"Leaf Quality of Some Tropical and Temperate Tree Species as Food Resource for Stream Shredders";"Terr. plants";"Forest";0.0311526479750779;"Terrestrial"
"186";"10.1002/iroh.200911173";103;"Leaf Quality of Some Tropical and Temperate Tree Species as Food Resource for Stream Shredders";"Terr. plants";"Forest";0.0280112044817927;"Terrestrial"
"187";"10.1002/iroh.200911173";103;"Leaf Quality of Some Tropical and Temperate Tree Species as Food Resource for Stream Shredders";"Terr. plants";"Forest";0.0591715976331361;"Terrestrial"
"188";"10.1002/iroh.200911173";103;"Leaf Quality of Some Tropical and Temperate Tree Species as Food Resource for Stream Shredders";"Terr. plants";"Forest";0.0386100386100386;"Terrestrial"
"189";"10.1002/iroh.200911173";103;"Leaf Quality of Some Tropical and Temperate Tree Species as Food Resource for Stream Shredders";"Terr. plants";"Forest";0.0492610837438424;"Terrestrial"
"190";"10.1002/iroh.200911173";103;"Leaf Quality of Some Tropical and Temperate Tree Species as Food Resource for Stream Shredders";"Terr. plants";"Forest";0.0202839756592292;"Terrestrial"
"191";"10.1002/iroh.200911173";103;"Leaf Quality of Some Tropical and Temperate Tree Species as Food Resource for Stream Shredders";"Terr. plants";"Forest";0.0301204819277108;"Terrestrial"
"192";"10.1002/iroh.200911173";103;"Leaf Quality of Some Tropical and Temperate Tree Species as Food Resource for Stream Shredders";"Terr. plants";"Forest";0.0378787878787879;"Terrestrial"
"193";"10.1002/iroh.200911173";103;"Leaf Quality of Some Tropical and Temperate Tree Species as Food Resource for Stream Shredders";"Terr. plants";"Forest";0.0549450549450549;"Terrestrial"
"194";"10.1111/j.1365-2427.2006.01515.";104;"Does leaf quality mediate the stimulation of leaf breakdown by phosphorus in Neotropical streams?";"Terr. plants";"Forest";0.0366676444705192;"Terrestrial"
"195";"10.1111/j.1365-2427.2006.01515.";104;"Does leaf quality mediate the stimulation of leaf breakdown by phosphorus in Neotropical streams?";"Terr. plants";"Forest";0.0508974674081885;"Terrestrial"
"196";"10.1111/j.1365-2427.2006.01515.";104;"Does leaf quality mediate the stimulation of leaf breakdown by phosphorus in Neotropical streams?";"Terr. plants";"Forest";0.0444206008676154;"Terrestrial"
"197";"10.1111/j.1365-2427.2006.01515.";104;"Does leaf quality mediate the stimulation of leaf breakdown by phosphorus in Neotropical streams?";"Terr. plants";"Forest";0.0646022424043016;"Terrestrial"
"198";"10.1111/j.1365-2427.2006.01515.";104;"Does leaf quality mediate the stimulation of leaf breakdown by phosphorus in Neotropical streams?";"Terr. plants";"Forest";0.0539467538440167;"Terrestrial"
"199";"10.1111/j.1365-2427.2006.01515.";104;"Does leaf quality mediate the stimulation of leaf breakdown by phosphorus in Neotropical streams?";"Terr. plants";"Forest";0.0476295479611489;"Terrestrial"
"200";"10.1111/j.1365-2427.2006.01515.";104;"Does leaf quality mediate the stimulation of leaf breakdown by phosphorus in Neotropical streams?";"Terr. plants";"Forest";0.0396126760633121;"Terrestrial"
"201";"10.1111/j.1365-2427.2006.01515.";104;"Does leaf quality mediate the stimulation of leaf breakdown by phosphorus in Neotropical streams?";"Terr. plants";"Forest";0.049862877088008;"Terrestrial"
"202";"10.1111/j.1365-2427.2006.01515.";104;"Does leaf quality mediate the stimulation of leaf breakdown by phosphorus in Neotropical streams?";"Terr. plants";"Forest";0.0383597883557291;"Terrestrial"
"203";"10.1111/j.1365-2427.2006.01515.";104;"Does leaf quality mediate the stimulation of leaf breakdown by phosphorus in Neotropical streams?";"Terr. plants";"Forest";0.0540098199531234;"Terrestrial"
"204";"10.1111/j.1365-2427.2006.01515.";104;"Does leaf quality mediate the stimulation of leaf breakdown by phosphorus in Neotropical streams?";"Terr. plants";"Forest";0.0326657129190957;"Terrestrial"
"211";"10.2307/2260228";105;"Litterfall and Decomposition Processes in the Coastal Fynbos Vegetation, South-Western Cape, South Africa";"Terr. plants";"Forest";0.0112138500880892;"Terrestrial"
"212";"10.2307/2260228";105;"Litterfall and Decomposition Processes in the Coastal Fynbos Vegetation, South-Western Cape, South Africa";"Terr. plants";"Forest";0.0111299754759683;"Terrestrial"
"213";"10.2307/2260228";105;"Litterfall and Decomposition Processes in the Coastal Fynbos Vegetation, South-Western Cape, South Africa";"Terr. plants";"Forest";0.00870445344358619;"Terrestrial"
"220";"10.1007/s11104-007-9272-y";106;"Foliar decomposition in a broadleaf-mixed Korean pine (Pinus koraiensis Sieb. et Zucc) plantation forest: The impact of initial litter quality and the decomposition of three kinds of organic matter fraction on mass loss and nutrient release rates";"Terr. plants";"Forest";0.014367816091954;"Terrestrial"
"221";"10.1007/s11104-007-9272-y";106;"Foliar decomposition in a broadleaf-mixed Korean pine (Pinus koraiensis Sieb. et Zucc) plantation forest: The impact of initial litter quality and the decomposition of three kinds of organic matter fraction on mass loss and nutrient release rates";"Terr. plants";"Forest";0.0196078431372549;"Terrestrial"
"222";"10.1007/s11104-007-9272-y";106;"Foliar decomposition in a broadleaf-mixed Korean pine (Pinus koraiensis Sieb. et Zucc) plantation forest: The impact of initial litter quality and the decomposition of three kinds of organic matter fraction on mass loss and nutrient release rates";"Terr. plants";"Forest";0.0334683436386776;"Terrestrial"
"223";"10.1007/s11104-007-9272-y";106;"Foliar decomposition in a broadleaf-mixed Korean pine (Pinus koraiensis Sieb. et Zucc) plantation forest: The impact of initial litter quality and the decomposition of three kinds of organic matter fraction on mass loss and nutrient release rates";"Terr. plants";"Forest";0.023567006191238;"Terrestrial"
"224";"10.1007/s11104-007-9272-y";106;"Foliar decomposition in a broadleaf-mixed Korean pine (Pinus koraiensis Sieb. et Zucc) plantation forest: The impact of initial litter quality and the decomposition of three kinds of organic matter fraction on mass loss and nutrient release rates";"Terr. plants";"Forest";0.021618282889338;"Terrestrial"
"225";"10.1007/s11104-007-9272-y";106;"Foliar decomposition in a broadleaf-mixed Korean pine (Pinus koraiensis Sieb. et Zucc) plantation forest: The impact of initial litter quality and the decomposition of three kinds of organic matter fraction on mass loss and nutrient release rates";"Terr. plants";"Forest";0.0323122114960777;"Terrestrial"
"226";"10.1007/s11104-007-9272-y";106;"Foliar decomposition in a broadleaf-mixed Korean pine (Pinus koraiensis Sieb. et Zucc) plantation forest: The impact of initial litter quality and the decomposition of three kinds of organic matter fraction on mass loss and nutrient release rates";"Terr. plants";"Forest";0.0258436565543774;"Terrestrial"
"227";"10.1007/s11104-007-9272-y";106;"Foliar decomposition in a broadleaf-mixed Korean pine (Pinus koraiensis Sieb. et Zucc) plantation forest: The impact of initial litter quality and the decomposition of three kinds of organic matter fraction on mass loss and nutrient release rates";"Terr. plants";"Forest";0.018018018018018;"Terrestrial"
"228";"10.1007/s11104-007-9272-y";106;"Foliar decomposition in a broadleaf-mixed Korean pine (Pinus koraiensis Sieb. et Zucc) plantation forest: The impact of initial litter quality and the decomposition of three kinds of organic matter fraction on mass loss and nutrient release rates";"Terr. plants";"Forest";0.0295786061571552;"Terrestrial"
"247";"10.2136/sssaj2008.0111";107;"Boreal Mixed-Wood Watershed Riparian Zone Cation Cycling during Two Contrasting Climatic Years";"Terr. plants";"Forest";0.0220939183996527;"Terrestrial"
"248";"10.2136/sssaj2008.0111";107;"Boreal Mixed-Wood Watershed Riparian Zone Cation Cycling during Two Contrasting Climatic Years";"Terr. plants";"Forest";0.0263529411774627;"Terrestrial"
"249";"10.2136/sssaj2008.0111";107;"Boreal Mixed-Wood Watershed Riparian Zone Cation Cycling during Two Contrasting Climatic Years";"Terr. plants";"Forest";0.0147479307747969;"Terrestrial"
"250";"10.2136/sssaj2008.0111";107;"Boreal Mixed-Wood Watershed Riparian Zone Cation Cycling during Two Contrasting Climatic Years";"Terr. plants";"Forest";0.0206989247319061;"Terrestrial"
"259";"10.1007/BF00032137";108;"Phosphorus, nitrogen, and carbon cycling by fish populations in two small lowland rivers in Poland";"Carcass";"Stream";0.229564032700362;"Aquatic"
"260";"10.1007/BF00032137";108;"Phosphorus, nitrogen, and carbon cycling by fish populations in two small lowland rivers in Poland";"Carcass";"Stream";0.236798088387001;"Aquatic"
"263";"10.1007/BF00032137";108;"Phosphorus, nitrogen, and carbon cycling by fish populations in two small lowland rivers in Poland";"Carcass";"Stream";0.239075144497615;"Aquatic"
"264";"10.1007/BF00032137";108;"Phosphorus, nitrogen, and carbon cycling by fish populations in two small lowland rivers in Poland";"Carcass";"Stream";0.240732159419408;"Aquatic"
"267";"10.1007/BF00032137";108;"Phosphorus, nitrogen, and carbon cycling by fish populations in two small lowland rivers in Poland";"Carcass";"Stream";0.240553860580579;"Aquatic"
"269";"10.1007/BF00032137";108;"Phosphorus, nitrogen, and carbon cycling by fish populations in two small lowland rivers in Poland";"Carcass";"Stream";0.208076009503758;"Aquatic"
"271";"10.1007/BF00032137";108;"Phosphorus, nitrogen, and carbon cycling by fish populations in two small lowland rivers in Poland";"Carcass";"Stream";0.194283162117706;"Aquatic"
"273";"10.1007/s10750-015-2302-5";109;"Decomposition of sea lamprey Petromyzon marinus carcasses: temperature effects, nutrient dynamics, and implications for stream food webs";"Carcass";"Stream";0.196078431372549;"Aquatic"
"274";"10.1007/s10750-015-2302-5";109;"Decomposition of sea lamprey Petromyzon marinus carcasses: temperature effects, nutrient dynamics, and implications for stream food webs";"Carcass";"Stream";0.208333333333333;"Aquatic"
"279";"10.1007/s00442-013-2860-z";110;"Differing nutritional constraints of consumers across ecosystems";"Terr. inverteb.";"Grassland";0.155763239875389;"Terrestrial"
"280";"10.1007/s00442-013-2860-z";110;"Differing nutritional constraints of consumers across ecosystems";"Terr. inverteb.";"Grassland";0.165016501650165;"Terrestrial"
"281";"10.1007/s00442-013-2860-z";110;"Differing nutritional constraints of consumers across ecosystems";"Terr. inverteb.";"Grassland";0.16;"Terrestrial"
"282";"10.1007/s00442-013-2860-z";110;"Differing nutritional constraints of consumers across ecosystems";"Terr. inverteb.";"Grassland";0.160513643659711;"Terrestrial"
"283";"10.1007/s00442-013-2860-z";110;"Differing nutritional constraints of consumers across ecosystems";"Terr. inverteb.";"Grassland";0.174520069808028;"Terrestrial"
"284";"10.1007/s00442-013-2860-z";110;"Differing nutritional constraints of consumers across ecosystems";"Terr. inverteb.";"Grassland";0.164744645799012;"Terrestrial"
"285";"10.1007/s00442-013-2860-z";110;"Differing nutritional constraints of consumers across ecosystems";"Terr. inverteb.";"Grassland";0.109769484083425;"Terrestrial"
"286";"10.1007/s00442-013-2860-z";110;"Differing nutritional constraints of consumers across ecosystems";"Terr. inverteb.";"Grassland";0.15015015015015;"Terrestrial"
"287";"10.1007/s00442-013-2860-z";110;"Differing nutritional constraints of consumers across ecosystems";"Terr. inverteb.";"Grassland";0.1230012300123;"Terrestrial"
"288";"10.1007/s00442-013-2860-z";110;"Differing nutritional constraints of consumers across ecosystems";"Terr. inverteb.";"Grassland";0.123915737298637;"Terrestrial"
"289";"10.1007/s00442-013-2860-z";110;"Differing nutritional constraints of consumers across ecosystems";"Terr. inverteb.";"Grassland";0.164744645799012;"Terrestrial"
"290";"10.1007/s00442-013-2860-z";110;"Differing nutritional constraints of consumers across ecosystems";"Terr. inverteb.";"Grassland";0.182149362477231;"Terrestrial"
"291";"10.1007/s00442-013-2860-z";110;"Differing nutritional constraints of consumers across ecosystems";"Terr. inverteb.";"Grassland";0.181818181818182;"Terrestrial"
"292";"10.1007/s00442-013-2860-z";110;"Differing nutritional constraints of consumers across ecosystems";"Terr. inverteb.";"Grassland";0.152439024390244;"Terrestrial"
"293";"10.1007/s00442-013-2860-z";110;"Differing nutritional constraints of consumers across ecosystems";"Terr. inverteb.";"Grassland";0.139275766016713;"Terrestrial"
"294";"10.1007/s00442-013-2860-z";110;"Differing nutritional constraints of consumers across ecosystems";"Terr. inverteb.";"Grassland";0.224719101123595;"Terrestrial"
"295";"10.1007/s00442-013-2860-z";110;"Differing nutritional constraints of consumers across ecosystems";"Terr. inverteb.";"Grassland";0.202839756592292;"Terrestrial"
"296";"10.1007/s00442-013-2860-z";110;"Differing nutritional constraints of consumers across ecosystems";"Terr. inverteb.";"Grassland";0.233644859813084;"Terrestrial"
"297";"10.1007/s00442-013-2860-z";110;"Differing nutritional constraints of consumers across ecosystems";"Terr. inverteb.";"Grassland";0.227272727272727;"Terrestrial"
"298";"10.1007/s00442-013-2860-z";110;"Differing nutritional constraints of consumers across ecosystems";"Terr. inverteb.";"Grassland";0.186219739292365;"Terrestrial"
"299";"10.1007/s00442-013-2860-z";110;"Differing nutritional constraints of consumers across ecosystems";"Terr. inverteb.";"Grassland";0.218818380743982;"Terrestrial"
"300";"10.1007/s00442-013-2860-z";110;"Differing nutritional constraints of consumers across ecosystems";"Terr. inverteb.";"Grassland";0.236406619385343;"Terrestrial"
"301";"10.1007/s00442-013-2860-z";110;"Differing nutritional constraints of consumers across ecosystems";"Terr. inverteb.";"Grassland";0.187617260787992;"Terrestrial"
"302";"10.1007/s00442-013-2860-z";110;"Differing nutritional constraints of consumers across ecosystems";"Terr. inverteb.";"Grassland";0.17636684303351;"Terrestrial"
"303";"10.1007/s00442-013-2860-z";110;"Differing nutritional constraints of consumers across ecosystems";"Terr. inverteb.";"Grassland";0.205761316872428;"Terrestrial"
"304";"10.1007/s00442-013-2860-z";110;"Differing nutritional constraints of consumers across ecosystems";"Terr. inverteb.";"Grassland";0.189393939393939;"Terrestrial"
"305";"10.1007/s00442-013-2860-z";110;"Differing nutritional constraints of consumers across ecosystems";"Terr. inverteb.";"Grassland";0.182149362477231;"Terrestrial"
"334";"10.1046/j.1461-0248.2003.00481.x";111;"Consumer-resource stoichiometry in detritus-based streams";"Aqu. insects";"Stream";0.149253731343284;"Aquatic"
"337";"10.1046/j.1461-0248.2003.00481.x";111;"Consumer-resource stoichiometry in detritus-based streams";"Aqu. insects";"Stream";0.15625;"Aquatic"
"340";"10.1046/j.1461-0248.2003.00481.x";111;"Consumer-resource stoichiometry in detritus-based streams";"Aqu. insects";"Stream";0.15625;"Aquatic"
"343";"10.1046/j.1461-0248.2003.00481.x";111;"Consumer-resource stoichiometry in detritus-based streams";"Aqu. insects";"Stream";0.166666666666667;"Aquatic"
"346";"10.1046/j.1461-0248.2003.00481.x";111;"Consumer-resource stoichiometry in detritus-based streams";"Aqu. insects";"Stream";0.161290322580645;"Aquatic"
"349";"10.1046/j.1461-0248.2003.00481.x";111;"Consumer-resource stoichiometry in detritus-based streams";"Aqu. insects";"Stream";0.172413793103448;"Aquatic"
"352";"10.1046/j.1461-0248.2003.00481.x";111;"Consumer-resource stoichiometry in detritus-based streams";"Aqu. insects";"Stream";0.196078431372549;"Aquatic"
"355";"10.1046/j.1461-0248.2003.00481.x";111;"Consumer-resource stoichiometry in detritus-based streams";"Aqu. insects";"Stream";0.178571428571429;"Aquatic"
"358";"10.1046/j.1461-0248.2003.00481.x";111;"Consumer-resource stoichiometry in detritus-based streams";"Terr. plants";"Forest";0.0136986301369863;"Terrestrial"
"361";"10.1046/j.1461-0248.2003.00481.x";111;"Consumer-resource stoichiometry in detritus-based streams";"Terr. plants";"Forest";0.0121951219512195;"Terrestrial"
"367";"10.1046/j.1461-0248.2003.00481.x";111;"Consumer-resource stoichiometry in detritus-based streams";"Terr. plants";"Forest";0.0277777777777778;"Terrestrial"
"370";"10.1046/j.1461-0248.2003.00481.x";111;"Consumer-resource stoichiometry in detritus-based streams";"Aqu. insects";"Lake";0.181818181818182;"Aquatic"
"372";"10.1111/j.1365-2427.2008.02138.x";112;"Resource quality and stoichiometric constraints on stream ecosystem functioning";"Terr. plants";"Forest";0.0699300699300699;"Terrestrial"
"375";"10.1111/j.1365-2427.2008.02138.x";112;"Resource quality and stoichiometric constraints on stream ecosystem functioning";"Terr. plants";"Forest";0.0239234449760766;"Terrestrial"
"378";"10.1111/j.1365-2427.2008.02138.x";112;"Resource quality and stoichiometric constraints on stream ecosystem functioning";"Terr. plants";"Forest";0.0180831826401447;"Terrestrial"
"381";"10.1111/j.1365-2427.2008.02138.x";112;"Resource quality and stoichiometric constraints on stream ecosystem functioning";"Terr. plants";"Forest";0.0520833333333333;"Terrestrial"
"384";"10.1111/j.1365-2427.2008.02138.x";112;"Resource quality and stoichiometric constraints on stream ecosystem functioning";"Terr. plants";"Forest";0.0253807106598985;"Terrestrial"
"387";"10.1111/j.1365-2427.2008.02138.x";112;"Resource quality and stoichiometric constraints on stream ecosystem functioning";"Terr. plants";"Forest";0.00887311446317657;"Terrestrial"
"390";"10.1111/j.1365-2427.2008.02138.x";112;"Resource quality and stoichiometric constraints on stream ecosystem functioning";"Terr. plants";"Forest";0.0187265917602996;"Terrestrial"
"393";"10.1111/j.1365-2427.2008.02138.x";112;"Resource quality and stoichiometric constraints on stream ecosystem functioning";"Terr. plants";"Forest";0.037593984962406;"Terrestrial"
"396";"10.1111/j.1365-2427.2008.02138.x";112;"Resource quality and stoichiometric constraints on stream ecosystem functioning";"Terr. plants";"Forest";0.0122249388753056;"Terrestrial"
"399";"10.1111/j.1365-2427.2008.02138.x";112;"Resource quality and stoichiometric constraints on stream ecosystem functioning";"Terr. plants";"Forest";0.0235294117647059;"Terrestrial"
"402";"10.1111/j.1365-2427.2008.02138.x";112;"Resource quality and stoichiometric constraints on stream ecosystem functioning";"Terr. plants";"Forest";0.0392156862745098;"Terrestrial"
"405";"10.1111/j.1365-2427.2008.02138.x";112;"Resource quality and stoichiometric constraints on stream ecosystem functioning";"Terr. plants";"Forest";0.0332225913621262;"Terrestrial"
"408";"10.1111/j.1365-2427.2008.02138.x";112;"Resource quality and stoichiometric constraints on stream ecosystem functioning";"Terr. plants";"Forest";0.0297619047619048;"Terrestrial"
"411";"10.1111/j.1365-2427.2008.02138.x";112;"Resource quality and stoichiometric constraints on stream ecosystem functioning";"Terr. plants";"Forest";0.0248756218905473;"Terrestrial"
"414";"10.1111/j.1365-2427.2008.02138.x";112;"Resource quality and stoichiometric constraints on stream ecosystem functioning";"Terr. plants";"Forest";0.0139275766016713;"Terrestrial"
"442";"10.2307/1467977";113;"Elemental composition of littoral invertebrates from oligotrophic and eutrophic Canadian lakes";"Aqu. insects";"Lake";0.18450184501845;"Aquatic"
"443";"10.2307/1467977";113;"Elemental composition of littoral invertebrates from oligotrophic and eutrophic Canadian lakes";"Aqu. insects";"Lake";0.170068027210884;"Aquatic"
"444";"10.2307/1467977";113;"Elemental composition of littoral invertebrates from oligotrophic and eutrophic Canadian lakes";"Aqu. insects";"Lake";0.185528756957328;"Aquatic"
"445";"10.2307/1467977";113;"Elemental composition of littoral invertebrates from oligotrophic and eutrophic Canadian lakes";"Aqu. insects";"Lake";0.17825311942959;"Aquatic"
"446";"10.2307/1467977";113;"Elemental composition of littoral invertebrates from oligotrophic and eutrophic Canadian lakes";"Aqu. insects";"Lake";0.17636684303351;"Aquatic"
"447";"10.2307/1467977";113;"Elemental composition of littoral invertebrates from oligotrophic and eutrophic Canadian lakes";"Aqu. insects";"Lake";0.18348623853211;"Aquatic"
"448";"10.2307/1467977";113;"Elemental composition of littoral invertebrates from oligotrophic and eutrophic Canadian lakes";"Aqu. insects";"Lake";0.174216027874564;"Aquatic"
"449";"10.2307/1467977";113;"Elemental composition of littoral invertebrates from oligotrophic and eutrophic Canadian lakes";"Aqu. insects";"Lake";0.174825174825175;"Aquatic"
"450";"10.1007/s11104-009-0214-8";114;"Soil nitrogen cycling rates in low arctic shrub tundra are enhanced by litter feedbacks";"Terr. plants";"Grassland";0.0198412698412698;"Terrestrial"
"451";"10.1007/s11104-009-0214-8";114;"Soil nitrogen cycling rates in low arctic shrub tundra are enhanced by litter feedbacks";"Terr. plants";"Grassland";0.0272479564032698;"Terrestrial"
"452";"10.1111/j.1466-8238.2009.00474.x";115;"Global trends in senesced-leaf nitrogen and phosphorus";"Terr. plants";"Forest";0.0367647058823529;"Terrestrial"
"454";"10.1111/j.1466-8238.2009.00474.x";115;"Global trends in senesced-leaf nitrogen and phosphorus";"Terr. plants";"Forest";0.0131233595800525;"Terrestrial"
"456";"10.1111/j.1466-8238.2009.00474.x";115;"Global trends in senesced-leaf nitrogen and phosphorus";"Terr. plants";"Grassland";0.015625;"Terrestrial"
"457";"10.1111/j.1466-8238.2009.00474.x";115;"Global trends in senesced-leaf nitrogen and phosphorus";"Terr. plants";"Grassland";0.0151515151515152;"Terrestrial"
"458";"10.1111/j.1466-8238.2009.00474.x";115;"Global trends in senesced-leaf nitrogen and phosphorus";"Terr. plants";"Forest";0.0165562913907285;"Terrestrial"
"460";"10.1111/j.1466-8238.2009.00474.x";115;"Global trends in senesced-leaf nitrogen and phosphorus";"Terr. plants";"Forest";0.0242718446601942;"Terrestrial"
"462";"10.1111/j.1466-8238.2009.00474.x";115;"Global trends in senesced-leaf nitrogen and phosphorus";"Terr. plants";"Forest";0.0217391304347826;"Terrestrial"
"464";"10.1111/j.1466-8238.2009.00474.x";115;"Global trends in senesced-leaf nitrogen and phosphorus";"Terr. plants";"Forest";0.0142450142450142;"Terrestrial"
"466";"10.1111/j.1466-8238.2009.00474.x";115;"Global trends in senesced-leaf nitrogen and phosphorus";"Terr. plants";"Forest";0.0269541778975741;"Terrestrial"
"469";"10.1111/j.1466-8238.2009.00474.x";115;"Global trends in senesced-leaf nitrogen and phosphorus";"Terr. plants";"Forest";0.0354609929078014;"Terrestrial"
"471";"10.1111/j.1466-8238.2009.00474.x";115;"Global trends in senesced-leaf nitrogen and phosphorus";"Terr. plants";"Grassland";0.0126903553299492;"Terrestrial"
"472";"10.1111/j.1466-8238.2009.00474.x";115;"Global trends in senesced-leaf nitrogen and phosphorus";"Terr. plants";"Grassland";0.0282485875706215;"Terrestrial"
"474";"10.1111/j.1466-8238.2009.00474.x";115;"Global trends in senesced-leaf nitrogen and phosphorus";"Terr. plants";"Forest";0.0199203187250996;"Terrestrial"
"475";"10.1111/j.1466-8238.2009.00474.x";115;"Global trends in senesced-leaf nitrogen and phosphorus";"Terr. plants";"Grassland";0.0139470013947001;"Terrestrial"
"476";"10.1111/j.1466-8238.2009.00474.x";115;"Global trends in senesced-leaf nitrogen and phosphorus";"Terr. plants";"Forest";0.0234192037470726;"Terrestrial"
"478";"10.1111/j.1466-8238.2009.00474.x";115;"Global trends in senesced-leaf nitrogen and phosphorus";"Terr. plants";"Forest";0.0242130750605327;"Terrestrial"
"480";"10.1111/j.1466-8238.2009.00474.x";115;"Global trends in senesced-leaf nitrogen and phosphorus";"Terr. plants";"Forest";0.0259067357512953;"Terrestrial"
"482";"10.1111/j.1466-8238.2009.00474.x";115;"Global trends in senesced-leaf nitrogen and phosphorus";"Terr. plants";"Forest";0.018018018018018;"Terrestrial"
"484";"10.1111/j.1466-8238.2009.00474.x";115;"Global trends in senesced-leaf nitrogen and phosphorus";"Terr. plants";"Forest";0.0307692307692308;"Terrestrial"
"486";"10.1111/j.1466-8238.2009.00474.x";115;"Global trends in senesced-leaf nitrogen and phosphorus";"Terr. plants";"Forest";0.00689655172413793;"Terrestrial"
"487";"10.1111/j.1466-8238.2009.00474.x";115;"Global trends in senesced-leaf nitrogen and phosphorus";"Terr. plants";"Grassland";0.0175438596491228;"Terrestrial"
"488";"10.1111/j.1466-8238.2009.00474.x";115;"Global trends in senesced-leaf nitrogen and phosphorus";"Terr. plants";"Grassland";0.00952380952380952;"Terrestrial"
"489";"10.1111/j.1466-8238.2009.00474.x";115;"Global trends in senesced-leaf nitrogen and phosphorus";"Terr. plants";"Grassland";0.0099009900990099;"Terrestrial"
"490";"10.1111/j.1466-8238.2009.00474.x";115;"Global trends in senesced-leaf nitrogen and phosphorus";"Terr. plants";"Grassland";0.010989010989011;"Terrestrial"
"491";"10.1111/j.1466-8238.2009.00474.x";115;"Global trends in senesced-leaf nitrogen and phosphorus";"Terr. plants";"Grassland";0.0101729399796541;"Terrestrial"
"492";"10.1111/j.1466-8238.2009.00474.x";115;"Global trends in senesced-leaf nitrogen and phosphorus";"Terr. plants";"Grassland";0.0142857142857143;"Terrestrial"
"493";"10.1111/j.1466-8238.2009.00474.x";115;"Global trends in senesced-leaf nitrogen and phosphorus";"Terr. plants";"Forest";0.0159744408945687;"Terrestrial"
"495";"10.1111/j.1466-8238.2009.00474.x";115;"Global trends in senesced-leaf nitrogen and phosphorus";"Terr. plants";"Forest";0.013869625520111;"Terrestrial"
"496";"10.1111/j.1466-8238.2009.00474.x";115;"Global trends in senesced-leaf nitrogen and phosphorus";"Terr. plants";"Forest";0.0224215246636771;"Terrestrial"
"498";"10.1111/j.1466-8238.2009.00474.x";115;"Global trends in senesced-leaf nitrogen and phosphorus";"Terr. plants";"Forest";0.025706940874036;"Terrestrial"
"500";"10.1111/j.1466-8238.2009.00474.x";115;"Global trends in senesced-leaf nitrogen and phosphorus";"Terr. plants";"Forest";0.0266666666666667;"Terrestrial"
"502";"10.1111/j.1466-8238.2009.00474.x";115;"Global trends in senesced-leaf nitrogen and phosphorus";"Terr. plants";"Forest";0.0303030303030303;"Terrestrial"
"504";"10.1111/j.1466-8238.2009.00474.x";115;"Global trends in senesced-leaf nitrogen and phosphorus";"Terr. plants";"Forest";0.0267379679144385;"Terrestrial"
"506";"10.1111/j.1466-8238.2009.00474.x";115;"Global trends in senesced-leaf nitrogen and phosphorus";"Terr. plants";"Forest";0.0384615384615385;"Terrestrial"
"508";"10.1111/j.1466-8238.2009.00474.x";115;"Global trends in senesced-leaf nitrogen and phosphorus";"Terr. plants";"Forest";0.0197628458498024;"Terrestrial"
"510";"10.1111/j.1466-8238.2009.00474.x";115;"Global trends in senesced-leaf nitrogen and phosphorus";"Terr. plants";"Forest";0.0290697674418605;"Terrestrial"
"512";"10.1111/j.1466-8238.2009.00474.x";115;"Global trends in senesced-leaf nitrogen and phosphorus";"Terr. plants";"Forest";0.0192307692307692;"Terrestrial"
"513";"10.1111/j.1466-8238.2009.00474.x";115;"Global trends in senesced-leaf nitrogen and phosphorus";"Terr. plants";"Grassland";0.0159489633173844;"Terrestrial"
"514";"10.1111/j.1466-8238.2009.00474.x";115;"Global trends in senesced-leaf nitrogen and phosphorus";"Terr. plants";"Forest";0.0251889168765743;"Terrestrial"
"516";"10.1111/j.1466-8238.2009.00474.x";115;"Global trends in senesced-leaf nitrogen and phosphorus";"Terr. plants";"Forest";0.0311526479750779;"Terrestrial"
"518";"10.1111/j.1466-8238.2009.00474.x";115;"Global trends in senesced-leaf nitrogen and phosphorus";"Terr. plants";"Grassland";0.0145137880986938;"Terrestrial"
"520";"10.1111/j.1466-8238.2009.00474.x";115;"Global trends in senesced-leaf nitrogen and phosphorus";"Terr. plants";"Forest";0.0348432055749129;"Terrestrial"
"522";"10.1111/j.1466-8238.2009.00474.x";115;"Global trends in senesced-leaf nitrogen and phosphorus";"Terr. plants";"Forest";0.03125;"Terrestrial"
"524";"10.1111/j.1466-8238.2009.00474.x";115;"Global trends in senesced-leaf nitrogen and phosphorus";"Terr. plants";"Grassland";0.0127713920817369;"Terrestrial"
"526";"10.1111/j.1466-8238.2009.00474.x";115;"Global trends in senesced-leaf nitrogen and phosphorus";"Terr. plants";"Forest";0.036231884057971;"Terrestrial"
